<?xml version="1.0" encoding="UTF-8"?>
<gpx version="1.1" creator="TrailPrint fixture" xmlns="http://www.topografix.com/GPX/1/1"><trk><name>Marathon — four city loops</name>
<trkseg>
<trkpt lat="40.18000000" lon="44.52973979"></trkpt>
<trkpt lat="40.18009476" lon="44.52973940"></trkpt>
<trkpt lat="40.18018952" lon="44.52973823"></trkpt>
<trkpt lat="40.18028426" lon="44.52973628"></trkpt>
<trkpt lat="40.18037900" lon="44.52973355"></trkpt>
<trkpt lat="40.18047373" lon="44.52973005"></trkpt>
<trkpt lat="40.18056843" lon="44.52972576"></trkpt>
<trkpt lat="40.18066311" lon="44.52972070"></trkpt>
<trkpt lat="40.18075777" lon="44.52971486"></trkpt>
<trkpt lat="40.18085239" lon="44.52970823"></trkpt>
<trkpt lat="40.18094698" lon="44.52970084"></trkpt>
<trkpt lat="40.18104154" lon="44.52969266"></trkpt>
<trkpt lat="40.18113605" lon="44.52968370"></trkpt>
<trkpt lat="40.18123052" lon="44.52967397"></trkpt>
<trkpt lat="40.18132494" lon="44.52966347"></trkpt>
<trkpt lat="40.18141931" lon="44.52965218"></trkpt>
<trkpt lat="40.18151362" lon="44.52964012"></trkpt>
<trkpt lat="40.18160787" lon="44.52962729"></trkpt>
<trkpt lat="40.18170206" lon="44.52961368"></trkpt>
<trkpt lat="40.18179618" lon="44.52959929"></trkpt>
<trkpt lat="40.18189023" lon="44.52958413"></trkpt>
<trkpt lat="40.18198420" lon="44.52956820"></trkpt>
<trkpt lat="40.18207810" lon="44.52955150"></trkpt>
<trkpt lat="40.18217192" lon="44.52953402"></trkpt>
<trkpt lat="40.18226564" lon="44.52951578"></trkpt>
<trkpt lat="40.18235928" lon="44.52949676"></trkpt>
<trkpt lat="40.18245283" lon="44.52947697"></trkpt>
<trkpt lat="40.18254628" lon="44.52945641"></trkpt>
<trkpt lat="40.18263963" lon="44.52943509"></trkpt>
<trkpt lat="40.18273288" lon="44.52941300"></trkpt>
<trkpt lat="40.18282601" lon="44.52939014"></trkpt>
<trkpt lat="40.18291904" lon="44.52936652"></trkpt>
<trkpt lat="40.18301195" lon="44.52934213"></trkpt>
<trkpt lat="40.18310474" lon="44.52931698"></trkpt>
<trkpt lat="40.18319741" lon="44.52929107"></trkpt>
<trkpt lat="40.18328995" lon="44.52926439"></trkpt>
<trkpt lat="40.18338237" lon="44.52923695"></trkpt>
<trkpt lat="40.18347465" lon="44.52920876"></trkpt>
<trkpt lat="40.18356679" lon="44.52917980"></trkpt>
<trkpt lat="40.18365879" lon="44.52915009"></trkpt>
<trkpt lat="40.18375065" lon="44.52911963"></trkpt>
<trkpt lat="40.18384235" lon="44.52908840"></trkpt>
<trkpt lat="40.18393391" lon="44.52905643"></trkpt>
<trkpt lat="40.18402531" lon="44.52902370"></trkpt>
<trkpt lat="40.18411656" lon="44.52899022"></trkpt>
<trkpt lat="40.18420764" lon="44.52895599"></trkpt>
<trkpt lat="40.18429855" lon="44.52892102"></trkpt>
<trkpt lat="40.18438930" lon="44.52888529"></trkpt>
<trkpt lat="40.18447987" lon="44.52884882"></trkpt>
<trkpt lat="40.18457026" lon="44.52881161"></trkpt>
<trkpt lat="40.18466048" lon="44.52877365"></trkpt>
<trkpt lat="40.18475051" lon="44.52873496"></trkpt>
<trkpt lat="40.18484035" lon="44.52869552"></trkpt>
<trkpt lat="40.18493000" lon="44.52865534"></trkpt>
<trkpt lat="40.18501946" lon="44.52861443"></trkpt>
<trkpt lat="40.18510872" lon="44.52857279"></trkpt>
<trkpt lat="40.18519777" lon="44.52853041"></trkpt>
<trkpt lat="40.18528662" lon="44.52848730"></trkpt>
<trkpt lat="40.18537527" lon="44.52844345"></trkpt>
<trkpt lat="40.18546370" lon="44.52839889"></trkpt>
<trkpt lat="40.18555191" lon="44.52835359"></trkpt>
<trkpt lat="40.18563991" lon="44.52830757"></trkpt>
<trkpt lat="40.18572768" lon="44.52826083"></trkpt>
<trkpt lat="40.18581523" lon="44.52821336"></trkpt>
<trkpt lat="40.18590255" lon="44.52816518"></trkpt>
<trkpt lat="40.18598963" lon="44.52811628"></trkpt>
<trkpt lat="40.18607648" lon="44.52806667"></trkpt>
<trkpt lat="40.18616309" lon="44.52801634"></trkpt>
<trkpt lat="40.18624945" lon="44.52796530"></trkpt>
<trkpt lat="40.18633557" lon="44.52791355"></trkpt>
<trkpt lat="40.18642144" lon="44.52786109"></trkpt>
<trkpt lat="40.18650706" lon="44.52780793"></trkpt>
<trkpt lat="40.18659241" lon="44.52775407"></trkpt>
<trkpt lat="40.18667751" lon="44.52769950"></trkpt>
<trkpt lat="40.18676234" lon="44.52764424"></trkpt>
<trkpt lat="40.18684691" lon="44.52758828"></trkpt>
<trkpt lat="40.18693121" lon="44.52753162"></trkpt>
<trkpt lat="40.18701523" lon="44.52747428"></trkpt>
<trkpt lat="40.18709898" lon="44.52741624"></trkpt>
<trkpt lat="40.18718244" lon="44.52735752"></trkpt>
<trkpt lat="40.18726562" lon="44.52729811"></trkpt>
<trkpt lat="40.18734852" lon="44.52723802"></trkpt>
<trkpt lat="40.18743113" lon="44.52717724"></trkpt>
<trkpt lat="40.18751344" lon="44.52711579"></trkpt>
<trkpt lat="40.18759545" lon="44.52705366"></trkpt>
<trkpt lat="40.18767717" lon="44.52699086"></trkpt>
<trkpt lat="40.18775858" lon="44.52692739"></trkpt>
<trkpt lat="40.18783969" lon="44.52686325"></trkpt>
<trkpt lat="40.18792048" lon="44.52679845"></trkpt>
<trkpt lat="40.18800097" lon="44.52673298"></trkpt>
<trkpt lat="40.18808113" lon="44.52666685"></trkpt>
<trkpt lat="40.18816098" lon="44.52660007"></trkpt>
<trkpt lat="40.18824051" lon="44.52653263"></trkpt>
<trkpt lat="40.18831971" lon="44.52646453"></trkpt>
<trkpt lat="40.18839859" lon="44.52639579"></trkpt>
<trkpt lat="40.18847713" lon="44.52632639"></trkpt>
<trkpt lat="40.18855533" lon="44.52625636"></trkpt>
<trkpt lat="40.18863320" lon="44.52618568"></trkpt>
<trkpt lat="40.18871073" lon="44.52611436"></trkpt>
<trkpt lat="40.18878792" lon="44.52604241"></trkpt>
<trkpt lat="40.18886475" lon="44.52596982"></trkpt>
<trkpt lat="40.18894124" lon="44.52589661"></trkpt>
<trkpt lat="40.18901737" lon="44.52582276"></trkpt>
<trkpt lat="40.18909315" lon="44.52574829"></trkpt>
<trkpt lat="40.18916857" lon="44.52567320"></trkpt>
<trkpt lat="40.18924363" lon="44.52559749"></trkpt>
<trkpt lat="40.18931832" lon="44.52552117"></trkpt>
<trkpt lat="40.18939265" lon="44.52544423"></trkpt>
<trkpt lat="40.18946660" lon="44.52536668"></trkpt>
<trkpt lat="40.18954018" lon="44.52528853"></trkpt>
<trkpt lat="40.18961339" lon="44.52520977"></trkpt>
<trkpt lat="40.18968621" lon="44.52513041"></trkpt>
<trkpt lat="40.18975865" lon="44.52505045"></trkpt>
<trkpt lat="40.18983071" lon="44.52496990"></trkpt>
<trkpt lat="40.18990238" lon="44.52488876"></trkpt>
<trkpt lat="40.18997365" lon="44.52480703"></trkpt>
<trkpt lat="40.19004454" lon="44.52472472"></trkpt>
<trkpt lat="40.19011502" lon="44.52464182"></trkpt>
<trkpt lat="40.19018511" lon="44.52455835"></trkpt>
<trkpt lat="40.19025480" lon="44.52447430"></trkpt>
<trkpt lat="40.19032408" lon="44.52438969"></trkpt>
<trkpt lat="40.19039295" lon="44.52430450"></trkpt>
<trkpt lat="40.19046141" lon="44.52421875"></trkpt>
<trkpt lat="40.19052946" lon="44.52413243"></trkpt>
<trkpt lat="40.19059710" lon="44.52404556"></trkpt>
<trkpt lat="40.19066431" lon="44.52395814"></trkpt>
<trkpt lat="40.19073111" lon="44.52387016"></trkpt>
<trkpt lat="40.19079748" lon="44.52378164"></trkpt>
<trkpt lat="40.19086343" lon="44.52369257"></trkpt>
<trkpt lat="40.19092894" lon="44.52360296"></trkpt>
<trkpt lat="40.19099403" lon="44.52351281"></trkpt>
<trkpt lat="40.19105868" lon="44.52342214"></trkpt>
<trkpt lat="40.19112289" lon="44.52333093"></trkpt>
<trkpt lat="40.19118667" lon="44.52323919"></trkpt>
<trkpt lat="40.19125000" lon="44.52314693"></trkpt>
<trkpt lat="40.19131289" lon="44.52305416"></trkpt>
<trkpt lat="40.19137533" lon="44.52296086"></trkpt>
<trkpt lat="40.19143732" lon="44.52286706"></trkpt>
<trkpt lat="40.19149887" lon="44.52277275"></trkpt>
<trkpt lat="40.19155995" lon="44.52267793"></trkpt>
<trkpt lat="40.19162059" lon="44.52258261"></trkpt>
<trkpt lat="40.19168076" lon="44.52248680"></trkpt>
<trkpt lat="40.19174047" lon="44.52239049"></trkpt>
<trkpt lat="40.19179972" lon="44.52229370"></trkpt>
<trkpt lat="40.19185850" lon="44.52219642"></trkpt>
<trkpt lat="40.19191682" lon="44.52209866"></trkpt>
<trkpt lat="40.19197466" lon="44.52200041"></trkpt>
<trkpt lat="40.19203203" lon="44.52190170"></trkpt>
<trkpt lat="40.19208893" lon="44.52180252"></trkpt>
<trkpt lat="40.19214535" lon="44.52170287"></trkpt>
<trkpt lat="40.19220129" lon="44.52160276"></trkpt>
<trkpt lat="40.19225674" lon="44.52150219"></trkpt>
<trkpt lat="40.19231172" lon="44.52140116"></trkpt>
<trkpt lat="40.19236620" lon="44.52129969"></trkpt>
<trkpt lat="40.19242020" lon="44.52119777"></trkpt>
<trkpt lat="40.19247371" lon="44.52109541"></trkpt>
<trkpt lat="40.19252673" lon="44.52099261"></trkpt>
<trkpt lat="40.19257925" lon="44.52088937"></trkpt>
<trkpt lat="40.19263128" lon="44.52078571"></trkpt>
<trkpt lat="40.19268280" lon="44.52068162"></trkpt>
<trkpt lat="40.19273383" lon="44.52057711"></trkpt>
<trkpt lat="40.19278435" lon="44.52047218"></trkpt>
<trkpt lat="40.19283437" lon="44.52036684"></trkpt>
<trkpt lat="40.19288389" lon="44.52026108"></trkpt>
<trkpt lat="40.19293289" lon="44.52015493"></trkpt>
<trkpt lat="40.19298138" lon="44.52004837"></trkpt>
<trkpt lat="40.19302936" lon="44.51994141"></trkpt>
<trkpt lat="40.19307683" lon="44.51983407"></trkpt>
<trkpt lat="40.19312378" lon="44.51972633"></trkpt>
<trkpt lat="40.19317021" lon="44.51961821"></trkpt>
<trkpt lat="40.19321612" lon="44.51950972"></trkpt>
<trkpt lat="40.19326151" lon="44.51940084"></trkpt>
<trkpt lat="40.19330638" lon="44.51929160"></trkpt>
<trkpt lat="40.19335072" lon="44.51918198"></trkpt>
<trkpt lat="40.19339453" lon="44.51907201"></trkpt>
<trkpt lat="40.19343782" lon="44.51896168"></trkpt>
<trkpt lat="40.19348057" lon="44.51885099"></trkpt>
<trkpt lat="40.19352280" lon="44.51873995"></trkpt>
<trkpt lat="40.19356449" lon="44.51862857"></trkpt>
<trkpt lat="40.19360564" lon="44.51851685"></trkpt>
<trkpt lat="40.19364626" lon="44.51840479"></trkpt>
<trkpt lat="40.19368633" lon="44.51829240"></trkpt>
<trkpt lat="40.19372587" lon="44.51817969"></trkpt>
<trkpt lat="40.19376487" lon="44.51806665"></trkpt>
<trkpt lat="40.19380332" lon="44.51795329"></trkpt>
<trkpt lat="40.19384122" lon="44.51783961"></trkpt>
<trkpt lat="40.19387859" lon="44.51772563"></trkpt>
<trkpt lat="40.19391540" lon="44.51761135"></trkpt>
<trkpt lat="40.19395166" lon="44.51749676"></trkpt>
<trkpt lat="40.19398737" lon="44.51738188"></trkpt>
<trkpt lat="40.19402253" lon="44.51726670"></trkpt>
<trkpt lat="40.19405714" lon="44.51715124"></trkpt>
<trkpt lat="40.19409119" lon="44.51703549"></trkpt>
<trkpt lat="40.19412469" lon="44.51691947"></trkpt>
<trkpt lat="40.19415763" lon="44.51680318"></trkpt>
<trkpt lat="40.19419000" lon="44.51668661"></trkpt>
<trkpt lat="40.19422182" lon="44.51656979"></trkpt>
<trkpt lat="40.19425308" lon="44.51645270"></trkpt>
<trkpt lat="40.19428377" lon="44.51633536"></trkpt>
<trkpt lat="40.19431391" lon="44.51621777"></trkpt>
<trkpt lat="40.19434347" lon="44.51609993"></trkpt>
<trkpt lat="40.19437247" lon="44.51598185"></trkpt>
<trkpt lat="40.19440090" lon="44.51586354"></trkpt>
<trkpt lat="40.19442877" lon="44.51574499"></trkpt>
<trkpt lat="40.19445606" lon="44.51562622"></trkpt>
<trkpt lat="40.19448278" lon="44.51550723"></trkpt>
<trkpt lat="40.19450893" lon="44.51538801"></trkpt>
<trkpt lat="40.19453451" lon="44.51526859"></trkpt>
<trkpt lat="40.19455952" lon="44.51514896"></trkpt>
<trkpt lat="40.19458395" lon="44.51502912"></trkpt>
<trkpt lat="40.19460780" lon="44.51490909"></trkpt>
<trkpt lat="40.19463108" lon="44.51478886"></trkpt>
<trkpt lat="40.19465378" lon="44.51466844"></trkpt>
<trkpt lat="40.19467590" lon="44.51454784"></trkpt>
<trkpt lat="40.19469744" lon="44.51442706"></trkpt>
<trkpt lat="40.19471840" lon="44.51430610"></trkpt>
<trkpt lat="40.19473878" lon="44.51418498"></trkpt>
<trkpt lat="40.19475858" lon="44.51406368"></trkpt>
<trkpt lat="40.19477780" lon="44.51394223"></trkpt>
<trkpt lat="40.19479643" lon="44.51382063"></trkpt>
<trkpt lat="40.19481448" lon="44.51369887"></trkpt>
<trkpt lat="40.19483194" lon="44.51357696"></trkpt>
<trkpt lat="40.19484882" lon="44.51345492"></trkpt>
<trkpt lat="40.19486512" lon="44.51333274"></trkpt>
<trkpt lat="40.19488082" lon="44.51321042"></trkpt>
<trkpt lat="40.19489594" lon="44.51308798"></trkpt>
<trkpt lat="40.19491047" lon="44.51296542"></trkpt>
<trkpt lat="40.19492441" lon="44.51284274"></trkpt>
<trkpt lat="40.19493776" lon="44.51271995"></trkpt>
<trkpt lat="40.19495052" lon="44.51259705"></trkpt>
<trkpt lat="40.19496269" lon="44.51247405"></trkpt>
<trkpt lat="40.19497428" lon="44.51235095"></trkpt>
<trkpt lat="40.19498527" lon="44.51222776"></trkpt>
<trkpt lat="40.19499566" lon="44.51210448"></trkpt>
<trkpt lat="40.19500547" lon="44.51198112"></trkpt>
<trkpt lat="40.19501469" lon="44.51185768"></trkpt>
<trkpt lat="40.19502331" lon="44.51173416"></trkpt>
<trkpt lat="40.19503133" lon="44.51161058"></trkpt>
<trkpt lat="40.19503877" lon="44.51148694"></trkpt>
<trkpt lat="40.19504561" lon="44.51136323"></trkpt>
<trkpt lat="40.19505186" lon="44.51123947"></trkpt>
<trkpt lat="40.19505751" lon="44.51111566"></trkpt>
<trkpt lat="40.19506257" lon="44.51099181"></trkpt>
<trkpt lat="40.19506703" lon="44.51086792"></trkpt>
<trkpt lat="40.19507090" lon="44.51074400"></trkpt>
<trkpt lat="40.19507418" lon="44.51062004"></trkpt>
<trkpt lat="40.19507685" lon="44.51049606"></trkpt>
<trkpt lat="40.19507894" lon="44.51037206"></trkpt>
<trkpt lat="40.19508043" lon="44.51024805"></trkpt>
<trkpt lat="40.19508132" lon="44.51012403"></trkpt>
<trkpt lat="40.19508162" lon="44.51000000"></trkpt>
<trkpt lat="40.19508132" lon="44.50987597"></trkpt>
<trkpt lat="40.19508043" lon="44.50975195"></trkpt>
<trkpt lat="40.19507894" lon="44.50962794"></trkpt>
<trkpt lat="40.19507685" lon="44.50950394"></trkpt>
<trkpt lat="40.19507418" lon="44.50937996"></trkpt>
<trkpt lat="40.19507090" lon="44.50925600"></trkpt>
<trkpt lat="40.19506703" lon="44.50913208"></trkpt>
<trkpt lat="40.19506257" lon="44.50900819"></trkpt>
<trkpt lat="40.19505751" lon="44.50888434"></trkpt>
<trkpt lat="40.19505186" lon="44.50876053"></trkpt>
<trkpt lat="40.19504561" lon="44.50863677"></trkpt>
<trkpt lat="40.19503877" lon="44.50851306"></trkpt>
<trkpt lat="40.19503133" lon="44.50838942"></trkpt>
<trkpt lat="40.19502331" lon="44.50826584"></trkpt>
<trkpt lat="40.19501469" lon="44.50814232"></trkpt>
<trkpt lat="40.19500547" lon="44.50801888"></trkpt>
<trkpt lat="40.19499566" lon="44.50789552"></trkpt>
<trkpt lat="40.19498527" lon="44.50777224"></trkpt>
<trkpt lat="40.19497428" lon="44.50764905"></trkpt>
<trkpt lat="40.19496269" lon="44.50752595"></trkpt>
<trkpt lat="40.19495052" lon="44.50740295"></trkpt>
<trkpt lat="40.19493776" lon="44.50728005"></trkpt>
<trkpt lat="40.19492441" lon="44.50715726"></trkpt>
<trkpt lat="40.19491047" lon="44.50703458"></trkpt>
<trkpt lat="40.19489594" lon="44.50691202"></trkpt>
<trkpt lat="40.19488082" lon="44.50678958"></trkpt>
<trkpt lat="40.19486512" lon="44.50666726"></trkpt>
<trkpt lat="40.19484882" lon="44.50654508"></trkpt>
<trkpt lat="40.19483194" lon="44.50642304"></trkpt>
<trkpt lat="40.19481448" lon="44.50630113"></trkpt>
<trkpt lat="40.19479643" lon="44.50617937"></trkpt>
<trkpt lat="40.19477780" lon="44.50605777"></trkpt>
<trkpt lat="40.19475858" lon="44.50593632"></trkpt>
<trkpt lat="40.19473878" lon="44.50581502"></trkpt>
<trkpt lat="40.19471840" lon="44.50569390"></trkpt>
<trkpt lat="40.19469744" lon="44.50557294"></trkpt>
<trkpt lat="40.19467590" lon="44.50545216"></trkpt>
<trkpt lat="40.19465378" lon="44.50533156"></trkpt>
<trkpt lat="40.19463108" lon="44.50521114"></trkpt>
<trkpt lat="40.19460780" lon="44.50509091"></trkpt>
<trkpt lat="40.19458395" lon="44.50497088"></trkpt>
<trkpt lat="40.19455952" lon="44.50485104"></trkpt>
<trkpt lat="40.19453451" lon="44.50473141"></trkpt>
<trkpt lat="40.19450893" lon="44.50461199"></trkpt>
<trkpt lat="40.19448278" lon="44.50449277"></trkpt>
<trkpt lat="40.19445606" lon="44.50437378"></trkpt>
<trkpt lat="40.19442877" lon="44.50425501"></trkpt>
<trkpt lat="40.19440090" lon="44.50413646"></trkpt>
<trkpt lat="40.19437247" lon="44.50401815"></trkpt>
<trkpt lat="40.19434347" lon="44.50390007"></trkpt>
<trkpt lat="40.19431391" lon="44.50378223"></trkpt>
<trkpt lat="40.19428377" lon="44.50366464"></trkpt>
<trkpt lat="40.19425308" lon="44.50354730"></trkpt>
<trkpt lat="40.19422182" lon="44.50343021"></trkpt>
<trkpt lat="40.19419000" lon="44.50331339"></trkpt>
<trkpt lat="40.19415763" lon="44.50319682"></trkpt>
<trkpt lat="40.19412469" lon="44.50308053"></trkpt>
<trkpt lat="40.19409119" lon="44.50296451"></trkpt>
<trkpt lat="40.19405714" lon="44.50284876"></trkpt>
<trkpt lat="40.19402253" lon="44.50273330"></trkpt>
<trkpt lat="40.19398737" lon="44.50261812"></trkpt>
<trkpt lat="40.19395166" lon="44.50250324"></trkpt>
<trkpt lat="40.19391540" lon="44.50238865"></trkpt>
<trkpt lat="40.19387859" lon="44.50227437"></trkpt>
<trkpt lat="40.19384122" lon="44.50216039"></trkpt>
<trkpt lat="40.19380332" lon="44.50204671"></trkpt>
<trkpt lat="40.19376487" lon="44.50193335"></trkpt>
<trkpt lat="40.19372587" lon="44.50182031"></trkpt>
<trkpt lat="40.19368633" lon="44.50170760"></trkpt>
<trkpt lat="40.19364626" lon="44.50159521"></trkpt>
<trkpt lat="40.19360564" lon="44.50148315"></trkpt>
<trkpt lat="40.19356449" lon="44.50137143"></trkpt>
<trkpt lat="40.19352280" lon="44.50126005"></trkpt>
<trkpt lat="40.19348057" lon="44.50114901"></trkpt>
<trkpt lat="40.19343782" lon="44.50103832"></trkpt>
<trkpt lat="40.19339453" lon="44.50092799"></trkpt>
<trkpt lat="40.19335072" lon="44.50081802"></trkpt>
<trkpt lat="40.19330638" lon="44.50070840"></trkpt>
<trkpt lat="40.19326151" lon="44.50059916"></trkpt>
<trkpt lat="40.19321612" lon="44.50049028"></trkpt>
<trkpt lat="40.19317021" lon="44.50038179"></trkpt>
<trkpt lat="40.19312378" lon="44.50027367"></trkpt>
<trkpt lat="40.19307683" lon="44.50016593"></trkpt>
<trkpt lat="40.19302936" lon="44.50005859"></trkpt>
<trkpt lat="40.19298138" lon="44.49995163"></trkpt>
<trkpt lat="40.19293289" lon="44.49984507"></trkpt>
<trkpt lat="40.19288389" lon="44.49973892"></trkpt>
<trkpt lat="40.19283437" lon="44.49963316"></trkpt>
<trkpt lat="40.19278435" lon="44.49952782"></trkpt>
<trkpt lat="40.19273383" lon="44.49942289"></trkpt>
<trkpt lat="40.19268280" lon="44.49931838"></trkpt>
<trkpt lat="40.19263128" lon="44.49921429"></trkpt>
<trkpt lat="40.19257925" lon="44.49911063"></trkpt>
<trkpt lat="40.19252673" lon="44.49900739"></trkpt>
<trkpt lat="40.19247371" lon="44.49890459"></trkpt>
<trkpt lat="40.19242020" lon="44.49880223"></trkpt>
<trkpt lat="40.19236620" lon="44.49870031"></trkpt>
<trkpt lat="40.19231172" lon="44.49859884"></trkpt>
<trkpt lat="40.19225674" lon="44.49849781"></trkpt>
<trkpt lat="40.19220129" lon="44.49839724"></trkpt>
<trkpt lat="40.19214535" lon="44.49829713"></trkpt>
<trkpt lat="40.19208893" lon="44.49819748"></trkpt>
<trkpt lat="40.19203203" lon="44.49809830"></trkpt>
<trkpt lat="40.19197466" lon="44.49799959"></trkpt>
<trkpt lat="40.19191682" lon="44.49790134"></trkpt>
<trkpt lat="40.19185850" lon="44.49780358"></trkpt>
<trkpt lat="40.19179972" lon="44.49770630"></trkpt>
<trkpt lat="40.19174047" lon="44.49760951"></trkpt>
<trkpt lat="40.19168076" lon="44.49751320"></trkpt>
<trkpt lat="40.19162059" lon="44.49741739"></trkpt>
<trkpt lat="40.19155995" lon="44.49732207"></trkpt>
<trkpt lat="40.19149887" lon="44.49722725"></trkpt>
<trkpt lat="40.19143732" lon="44.49713294"></trkpt>
<trkpt lat="40.19137533" lon="44.49703914"></trkpt>
<trkpt lat="40.19131289" lon="44.49694584"></trkpt>
<trkpt lat="40.19125000" lon="44.49685307"></trkpt>
<trkpt lat="40.19118667" lon="44.49676081"></trkpt>
<trkpt lat="40.19112289" lon="44.49666907"></trkpt>
<trkpt lat="40.19105868" lon="44.49657786"></trkpt>
<trkpt lat="40.19099403" lon="44.49648719"></trkpt>
<trkpt lat="40.19092894" lon="44.49639704"></trkpt>
<trkpt lat="40.19086343" lon="44.49630743"></trkpt>
<trkpt lat="40.19079748" lon="44.49621836"></trkpt>
<trkpt lat="40.19073111" lon="44.49612984"></trkpt>
<trkpt lat="40.19066431" lon="44.49604186"></trkpt>
<trkpt lat="40.19059710" lon="44.49595444"></trkpt>
<trkpt lat="40.19052946" lon="44.49586757"></trkpt>
<trkpt lat="40.19046141" lon="44.49578125"></trkpt>
<trkpt lat="40.19039295" lon="44.49569550"></trkpt>
<trkpt lat="40.19032408" lon="44.49561031"></trkpt>
<trkpt lat="40.19025480" lon="44.49552570"></trkpt>
<trkpt lat="40.19018511" lon="44.49544165"></trkpt>
<trkpt lat="40.19011502" lon="44.49535818"></trkpt>
<trkpt lat="40.19004454" lon="44.49527528"></trkpt>
<trkpt lat="40.18997365" lon="44.49519297"></trkpt>
<trkpt lat="40.18990238" lon="44.49511124"></trkpt>
<trkpt lat="40.18983071" lon="44.49503010"></trkpt>
<trkpt lat="40.18975865" lon="44.49494955"></trkpt>
<trkpt lat="40.18968621" lon="44.49486959"></trkpt>
<trkpt lat="40.18961339" lon="44.49479023"></trkpt>
<trkpt lat="40.18954018" lon="44.49471147"></trkpt>
<trkpt lat="40.18946660" lon="44.49463332"></trkpt>
<trkpt lat="40.18939265" lon="44.49455577"></trkpt>
<trkpt lat="40.18931832" lon="44.49447883"></trkpt>
<trkpt lat="40.18924363" lon="44.49440251"></trkpt>
<trkpt lat="40.18916857" lon="44.49432680"></trkpt>
<trkpt lat="40.18909315" lon="44.49425171"></trkpt>
<trkpt lat="40.18901737" lon="44.49417724"></trkpt>
<trkpt lat="40.18894124" lon="44.49410339"></trkpt>
<trkpt lat="40.18886475" lon="44.49403018"></trkpt>
<trkpt lat="40.18878792" lon="44.49395759"></trkpt>
<trkpt lat="40.18871073" lon="44.49388564"></trkpt>
<trkpt lat="40.18863320" lon="44.49381432"></trkpt>
<trkpt lat="40.18855533" lon="44.49374364"></trkpt>
<trkpt lat="40.18847713" lon="44.49367361"></trkpt>
<trkpt lat="40.18839859" lon="44.49360421"></trkpt>
<trkpt lat="40.18831971" lon="44.49353547"></trkpt>
<trkpt lat="40.18824051" lon="44.49346737"></trkpt>
<trkpt lat="40.18816098" lon="44.49339993"></trkpt>
<trkpt lat="40.18808113" lon="44.49333315"></trkpt>
<trkpt lat="40.18800097" lon="44.49326702"></trkpt>
<trkpt lat="40.18792048" lon="44.49320155"></trkpt>
<trkpt lat="40.18783969" lon="44.49313675"></trkpt>
<trkpt lat="40.18775858" lon="44.49307261"></trkpt>
<trkpt lat="40.18767717" lon="44.49300914"></trkpt>
<trkpt lat="40.18759545" lon="44.49294634"></trkpt>
<trkpt lat="40.18751344" lon="44.49288421"></trkpt>
<trkpt lat="40.18743113" lon="44.49282276"></trkpt>
<trkpt lat="40.18734852" lon="44.49276198"></trkpt>
<trkpt lat="40.18726562" lon="44.49270189"></trkpt>
<trkpt lat="40.18718244" lon="44.49264248"></trkpt>
<trkpt lat="40.18709898" lon="44.49258376"></trkpt>
<trkpt lat="40.18701523" lon="44.49252572"></trkpt>
<trkpt lat="40.18693121" lon="44.49246838"></trkpt>
<trkpt lat="40.18684691" lon="44.49241172"></trkpt>
<trkpt lat="40.18676234" lon="44.49235576"></trkpt>
<trkpt lat="40.18667751" lon="44.49230050"></trkpt>
<trkpt lat="40.18659241" lon="44.49224593"></trkpt>
<trkpt lat="40.18650706" lon="44.49219207"></trkpt>
<trkpt lat="40.18642144" lon="44.49213891"></trkpt>
<trkpt lat="40.18633557" lon="44.49208645"></trkpt>
<trkpt lat="40.18624945" lon="44.49203470"></trkpt>
<trkpt lat="40.18616309" lon="44.49198366"></trkpt>
<trkpt lat="40.18607648" lon="44.49193333"></trkpt>
<trkpt lat="40.18598963" lon="44.49188372"></trkpt>
<trkpt lat="40.18590255" lon="44.49183482"></trkpt>
<trkpt lat="40.18581523" lon="44.49178664"></trkpt>
<trkpt lat="40.18572768" lon="44.49173917"></trkpt>
<trkpt lat="40.18563991" lon="44.49169243"></trkpt>
<trkpt lat="40.18555191" lon="44.49164641"></trkpt>
<trkpt lat="40.18546370" lon="44.49160111"></trkpt>
<trkpt lat="40.18537527" lon="44.49155655"></trkpt>
<trkpt lat="40.18528662" lon="44.49151270"></trkpt>
<trkpt lat="40.18519777" lon="44.49146959"></trkpt>
<trkpt lat="40.18510872" lon="44.49142721"></trkpt>
<trkpt lat="40.18501946" lon="44.49138557"></trkpt>
<trkpt lat="40.18493000" lon="44.49134466"></trkpt>
<trkpt lat="40.18484035" lon="44.49130448"></trkpt>
<trkpt lat="40.18475051" lon="44.49126504"></trkpt>
<trkpt lat="40.18466048" lon="44.49122635"></trkpt>
<trkpt lat="40.18457026" lon="44.49118839"></trkpt>
<trkpt lat="40.18447987" lon="44.49115118"></trkpt>
<trkpt lat="40.18438930" lon="44.49111471"></trkpt>
<trkpt lat="40.18429855" lon="44.49107898"></trkpt>
<trkpt lat="40.18420764" lon="44.49104401"></trkpt>
<trkpt lat="40.18411656" lon="44.49100978"></trkpt>
<trkpt lat="40.18402531" lon="44.49097630"></trkpt>
<trkpt lat="40.18393391" lon="44.49094357"></trkpt>
<trkpt lat="40.18384235" lon="44.49091160"></trkpt>
<trkpt lat="40.18375065" lon="44.49088037"></trkpt>
<trkpt lat="40.18365879" lon="44.49084991"></trkpt>
<trkpt lat="40.18356679" lon="44.49082020"></trkpt>
<trkpt lat="40.18347465" lon="44.49079124"></trkpt>
<trkpt lat="40.18338237" lon="44.49076305"></trkpt>
<trkpt lat="40.18328995" lon="44.49073561"></trkpt>
<trkpt lat="40.18319741" lon="44.49070893"></trkpt>
<trkpt lat="40.18310474" lon="44.49068302"></trkpt>
<trkpt lat="40.18301195" lon="44.49065787"></trkpt>
<trkpt lat="40.18291904" lon="44.49063348"></trkpt>
<trkpt lat="40.18282601" lon="44.49060986"></trkpt>
<trkpt lat="40.18273288" lon="44.49058700"></trkpt>
<trkpt lat="40.18263963" lon="44.49056491"></trkpt>
<trkpt lat="40.18254628" lon="44.49054359"></trkpt>
<trkpt lat="40.18245283" lon="44.49052303"></trkpt>
<trkpt lat="40.18235928" lon="44.49050324"></trkpt>
<trkpt lat="40.18226564" lon="44.49048422"></trkpt>
<trkpt lat="40.18217192" lon="44.49046598"></trkpt>
<trkpt lat="40.18207810" lon="44.49044850"></trkpt>
<trkpt lat="40.18198420" lon="44.49043180"></trkpt>
<trkpt lat="40.18189023" lon="44.49041587"></trkpt>
<trkpt lat="40.18179618" lon="44.49040071"></trkpt>
<trkpt lat="40.18170206" lon="44.49038632"></trkpt>
<trkpt lat="40.18160787" lon="44.49037271"></trkpt>
<trkpt lat="40.18151362" lon="44.49035988"></trkpt>
<trkpt lat="40.18141931" lon="44.49034782"></trkpt>
<trkpt lat="40.18132494" lon="44.49033653"></trkpt>
<trkpt lat="40.18123052" lon="44.49032603"></trkpt>
<trkpt lat="40.18113605" lon="44.49031630"></trkpt>
<trkpt lat="40.18104154" lon="44.49030734"></trkpt>
<trkpt lat="40.18094698" lon="44.49029916"></trkpt>
<trkpt lat="40.18085239" lon="44.49029177"></trkpt>
<trkpt lat="40.18075777" lon="44.49028514"></trkpt>
<trkpt lat="40.18066311" lon="44.49027930"></trkpt>
<trkpt lat="40.18056843" lon="44.49027424"></trkpt>
<trkpt lat="40.18047373" lon="44.49026995"></trkpt>
<trkpt lat="40.18037900" lon="44.49026645"></trkpt>
<trkpt lat="40.18028426" lon="44.49026372"></trkpt>
<trkpt lat="40.18018952" lon="44.49026177"></trkpt>
<trkpt lat="40.18009476" lon="44.49026060"></trkpt>
<trkpt lat="40.18000000" lon="44.49026021"></trkpt>
<trkpt lat="40.17990524" lon="44.49026060"></trkpt>
<trkpt lat="40.17981048" lon="44.49026177"></trkpt>
<trkpt lat="40.17971574" lon="44.49026372"></trkpt>
<trkpt lat="40.17962100" lon="44.49026645"></trkpt>
<trkpt lat="40.17952627" lon="44.49026995"></trkpt>
<trkpt lat="40.17943157" lon="44.49027424"></trkpt>
<trkpt lat="40.17933689" lon="44.49027930"></trkpt>
<trkpt lat="40.17924223" lon="44.49028514"></trkpt>
<trkpt lat="40.17914761" lon="44.49029177"></trkpt>
<trkpt lat="40.17905302" lon="44.49029916"></trkpt>
<trkpt lat="40.17895846" lon="44.49030734"></trkpt>
<trkpt lat="40.17886395" lon="44.49031630"></trkpt>
<trkpt lat="40.17876948" lon="44.49032603"></trkpt>
<trkpt lat="40.17867506" lon="44.49033653"></trkpt>
<trkpt lat="40.17858069" lon="44.49034782"></trkpt>
<trkpt lat="40.17848638" lon="44.49035988"></trkpt>
<trkpt lat="40.17839213" lon="44.49037271"></trkpt>
<trkpt lat="40.17829794" lon="44.49038632"></trkpt>
<trkpt lat="40.17820382" lon="44.49040071"></trkpt>
<trkpt lat="40.17810977" lon="44.49041587"></trkpt>
<trkpt lat="40.17801580" lon="44.49043180"></trkpt>
<trkpt lat="40.17792190" lon="44.49044850"></trkpt>
<trkpt lat="40.17782808" lon="44.49046598"></trkpt>
<trkpt lat="40.17773436" lon="44.49048422"></trkpt>
<trkpt lat="40.17764072" lon="44.49050324"></trkpt>
<trkpt lat="40.17754717" lon="44.49052303"></trkpt>
<trkpt lat="40.17745372" lon="44.49054359"></trkpt>
<trkpt lat="40.17736037" lon="44.49056491"></trkpt>
<trkpt lat="40.17726712" lon="44.49058700"></trkpt>
<trkpt lat="40.17717399" lon="44.49060986"></trkpt>
<trkpt lat="40.17708096" lon="44.49063348"></trkpt>
<trkpt lat="40.17698805" lon="44.49065787"></trkpt>
<trkpt lat="40.17689526" lon="44.49068302"></trkpt>
<trkpt lat="40.17680259" lon="44.49070893"></trkpt>
<trkpt lat="40.17671005" lon="44.49073561"></trkpt>
<trkpt lat="40.17661763" lon="44.49076305"></trkpt>
<trkpt lat="40.17652535" lon="44.49079124"></trkpt>
<trkpt lat="40.17643321" lon="44.49082020"></trkpt>
<trkpt lat="40.17634121" lon="44.49084991"></trkpt>
<trkpt lat="40.17624935" lon="44.49088037"></trkpt>
<trkpt lat="40.17615765" lon="44.49091160"></trkpt>
<trkpt lat="40.17606609" lon="44.49094357"></trkpt>
<trkpt lat="40.17597469" lon="44.49097630"></trkpt>
<trkpt lat="40.17588344" lon="44.49100978"></trkpt>
<trkpt lat="40.17579236" lon="44.49104401"></trkpt>
<trkpt lat="40.17570145" lon="44.49107898"></trkpt>
<trkpt lat="40.17561070" lon="44.49111471"></trkpt>
<trkpt lat="40.17552013" lon="44.49115118"></trkpt>
<trkpt lat="40.17542974" lon="44.49118839"></trkpt>
<trkpt lat="40.17533952" lon="44.49122635"></trkpt>
<trkpt lat="40.17524949" lon="44.49126504"></trkpt>
<trkpt lat="40.17515965" lon="44.49130448"></trkpt>
<trkpt lat="40.17507000" lon="44.49134466"></trkpt>
<trkpt lat="40.17498054" lon="44.49138557"></trkpt>
<trkpt lat="40.17489128" lon="44.49142721"></trkpt>
<trkpt lat="40.17480223" lon="44.49146959"></trkpt>
<trkpt lat="40.17471338" lon="44.49151270"></trkpt>
<trkpt lat="40.17462473" lon="44.49155655"></trkpt>
<trkpt lat="40.17453630" lon="44.49160111"></trkpt>
<trkpt lat="40.17444809" lon="44.49164641"></trkpt>
<trkpt lat="40.17436009" lon="44.49169243"></trkpt>
<trkpt lat="40.17427232" lon="44.49173917"></trkpt>
<trkpt lat="40.17418477" lon="44.49178664"></trkpt>
<trkpt lat="40.17409745" lon="44.49183482"></trkpt>
<trkpt lat="40.17401037" lon="44.49188372"></trkpt>
<trkpt lat="40.17392352" lon="44.49193333"></trkpt>
<trkpt lat="40.17383691" lon="44.49198366"></trkpt>
<trkpt lat="40.17375055" lon="44.49203470"></trkpt>
<trkpt lat="40.17366443" lon="44.49208645"></trkpt>
<trkpt lat="40.17357856" lon="44.49213891"></trkpt>
<trkpt lat="40.17349294" lon="44.49219207"></trkpt>
<trkpt lat="40.17340759" lon="44.49224593"></trkpt>
<trkpt lat="40.17332249" lon="44.49230050"></trkpt>
<trkpt lat="40.17323766" lon="44.49235576"></trkpt>
<trkpt lat="40.17315309" lon="44.49241172"></trkpt>
<trkpt lat="40.17306879" lon="44.49246838"></trkpt>
<trkpt lat="40.17298477" lon="44.49252572"></trkpt>
<trkpt lat="40.17290102" lon="44.49258376"></trkpt>
<trkpt lat="40.17281756" lon="44.49264248"></trkpt>
<trkpt lat="40.17273438" lon="44.49270189"></trkpt>
<trkpt lat="40.17265148" lon="44.49276198"></trkpt>
<trkpt lat="40.17256887" lon="44.49282276"></trkpt>
<trkpt lat="40.17248656" lon="44.49288421"></trkpt>
<trkpt lat="40.17240455" lon="44.49294634"></trkpt>
<trkpt lat="40.17232283" lon="44.49300914"></trkpt>
<trkpt lat="40.17224142" lon="44.49307261"></trkpt>
<trkpt lat="40.17216031" lon="44.49313675"></trkpt>
<trkpt lat="40.17207952" lon="44.49320155"></trkpt>
<trkpt lat="40.17199903" lon="44.49326702"></trkpt>
<trkpt lat="40.17191887" lon="44.49333315"></trkpt>
<trkpt lat="40.17183902" lon="44.49339993"></trkpt>
<trkpt lat="40.17175949" lon="44.49346737"></trkpt>
<trkpt lat="40.17168029" lon="44.49353547"></trkpt>
<trkpt lat="40.17160141" lon="44.49360421"></trkpt>
<trkpt lat="40.17152287" lon="44.49367361"></trkpt>
<trkpt lat="40.17144467" lon="44.49374364"></trkpt>
<trkpt lat="40.17136680" lon="44.49381432"></trkpt>
<trkpt lat="40.17128927" lon="44.49388564"></trkpt>
<trkpt lat="40.17121208" lon="44.49395759"></trkpt>
<trkpt lat="40.17113525" lon="44.49403018"></trkpt>
<trkpt lat="40.17105876" lon="44.49410339"></trkpt>
<trkpt lat="40.17098263" lon="44.49417724"></trkpt>
<trkpt lat="40.17090685" lon="44.49425171"></trkpt>
<trkpt lat="40.17083143" lon="44.49432680"></trkpt>
<trkpt lat="40.17075637" lon="44.49440251"></trkpt>
<trkpt lat="40.17068168" lon="44.49447883"></trkpt>
<trkpt lat="40.17060735" lon="44.49455577"></trkpt>
<trkpt lat="40.17053340" lon="44.49463332"></trkpt>
<trkpt lat="40.17045982" lon="44.49471147"></trkpt>
<trkpt lat="40.17038661" lon="44.49479023"></trkpt>
<trkpt lat="40.17031379" lon="44.49486959"></trkpt>
<trkpt lat="40.17024135" lon="44.49494955"></trkpt>
<trkpt lat="40.17016929" lon="44.49503010"></trkpt>
<trkpt lat="40.17009762" lon="44.49511124"></trkpt>
<trkpt lat="40.17002635" lon="44.49519297"></trkpt>
<trkpt lat="40.16995546" lon="44.49527528"></trkpt>
<trkpt lat="40.16988498" lon="44.49535818"></trkpt>
<trkpt lat="40.16981489" lon="44.49544165"></trkpt>
<trkpt lat="40.16974520" lon="44.49552570"></trkpt>
<trkpt lat="40.16967592" lon="44.49561031"></trkpt>
<trkpt lat="40.16960705" lon="44.49569550"></trkpt>
<trkpt lat="40.16953859" lon="44.49578125"></trkpt>
<trkpt lat="40.16947054" lon="44.49586757"></trkpt>
<trkpt lat="40.16940290" lon="44.49595444"></trkpt>
<trkpt lat="40.16933569" lon="44.49604186"></trkpt>
<trkpt lat="40.16926889" lon="44.49612984"></trkpt>
<trkpt lat="40.16920252" lon="44.49621836"></trkpt>
<trkpt lat="40.16913657" lon="44.49630743"></trkpt>
<trkpt lat="40.16907106" lon="44.49639704"></trkpt>
<trkpt lat="40.16900597" lon="44.49648719"></trkpt>
<trkpt lat="40.16894132" lon="44.49657786"></trkpt>
<trkpt lat="40.16887711" lon="44.49666907"></trkpt>
<trkpt lat="40.16881333" lon="44.49676081"></trkpt>
<trkpt lat="40.16875000" lon="44.49685307"></trkpt>
<trkpt lat="40.16868711" lon="44.49694584"></trkpt>
<trkpt lat="40.16862467" lon="44.49703914"></trkpt>
<trkpt lat="40.16856268" lon="44.49713294"></trkpt>
<trkpt lat="40.16850113" lon="44.49722725"></trkpt>
<trkpt lat="40.16844005" lon="44.49732207"></trkpt>
<trkpt lat="40.16837941" lon="44.49741739"></trkpt>
<trkpt lat="40.16831924" lon="44.49751320"></trkpt>
<trkpt lat="40.16825953" lon="44.49760951"></trkpt>
<trkpt lat="40.16820028" lon="44.49770630"></trkpt>
<trkpt lat="40.16814150" lon="44.49780358"></trkpt>
<trkpt lat="40.16808318" lon="44.49790134"></trkpt>
<trkpt lat="40.16802534" lon="44.49799959"></trkpt>
<trkpt lat="40.16796797" lon="44.49809830"></trkpt>
<trkpt lat="40.16791107" lon="44.49819748"></trkpt>
<trkpt lat="40.16785465" lon="44.49829713"></trkpt>
<trkpt lat="40.16779871" lon="44.49839724"></trkpt>
<trkpt lat="40.16774326" lon="44.49849781"></trkpt>
<trkpt lat="40.16768828" lon="44.49859884"></trkpt>
<trkpt lat="40.16763380" lon="44.49870031"></trkpt>
<trkpt lat="40.16757980" lon="44.49880223"></trkpt>
<trkpt lat="40.16752629" lon="44.49890459"></trkpt>
<trkpt lat="40.16747327" lon="44.49900739"></trkpt>
<trkpt lat="40.16742075" lon="44.49911063"></trkpt>
<trkpt lat="40.16736872" lon="44.49921429"></trkpt>
<trkpt lat="40.16731720" lon="44.49931838"></trkpt>
<trkpt lat="40.16726617" lon="44.49942289"></trkpt>
<trkpt lat="40.16721565" lon="44.49952782"></trkpt>
<trkpt lat="40.16716563" lon="44.49963316"></trkpt>
<trkpt lat="40.16711611" lon="44.49973892"></trkpt>
<trkpt lat="40.16706711" lon="44.49984507"></trkpt>
<trkpt lat="40.16701862" lon="44.49995163"></trkpt>
<trkpt lat="40.16697064" lon="44.50005859"></trkpt>
<trkpt lat="40.16692317" lon="44.50016593"></trkpt>
<trkpt lat="40.16687622" lon="44.50027367"></trkpt>
<trkpt lat="40.16682979" lon="44.50038179"></trkpt>
<trkpt lat="40.16678388" lon="44.50049028"></trkpt>
<trkpt lat="40.16673849" lon="44.50059916"></trkpt>
<trkpt lat="40.16669362" lon="44.50070840"></trkpt>
<trkpt lat="40.16664928" lon="44.50081802"></trkpt>
<trkpt lat="40.16660547" lon="44.50092799"></trkpt>
<trkpt lat="40.16656218" lon="44.50103832"></trkpt>
<trkpt lat="40.16651943" lon="44.50114901"></trkpt>
<trkpt lat="40.16647720" lon="44.50126005"></trkpt>
<trkpt lat="40.16643551" lon="44.50137143"></trkpt>
<trkpt lat="40.16639436" lon="44.50148315"></trkpt>
<trkpt lat="40.16635374" lon="44.50159521"></trkpt>
<trkpt lat="40.16631367" lon="44.50170760"></trkpt>
<trkpt lat="40.16627413" lon="44.50182031"></trkpt>
<trkpt lat="40.16623513" lon="44.50193335"></trkpt>
<trkpt lat="40.16619668" lon="44.50204671"></trkpt>
<trkpt lat="40.16615878" lon="44.50216039"></trkpt>
<trkpt lat="40.16612141" lon="44.50227437"></trkpt>
<trkpt lat="40.16608460" lon="44.50238865"></trkpt>
<trkpt lat="40.16604834" lon="44.50250324"></trkpt>
<trkpt lat="40.16601263" lon="44.50261812"></trkpt>
<trkpt lat="40.16597747" lon="44.50273330"></trkpt>
<trkpt lat="40.16594286" lon="44.50284876"></trkpt>
<trkpt lat="40.16590881" lon="44.50296451"></trkpt>
<trkpt lat="40.16587531" lon="44.50308053"></trkpt>
<trkpt lat="40.16584237" lon="44.50319682"></trkpt>
<trkpt lat="40.16581000" lon="44.50331339"></trkpt>
<trkpt lat="40.16577818" lon="44.50343021"></trkpt>
<trkpt lat="40.16574692" lon="44.50354730"></trkpt>
<trkpt lat="40.16571623" lon="44.50366464"></trkpt>
<trkpt lat="40.16568609" lon="44.50378223"></trkpt>
<trkpt lat="40.16565653" lon="44.50390007"></trkpt>
<trkpt lat="40.16562753" lon="44.50401815"></trkpt>
<trkpt lat="40.16559910" lon="44.50413646"></trkpt>
<trkpt lat="40.16557123" lon="44.50425501"></trkpt>
<trkpt lat="40.16554394" lon="44.50437378"></trkpt>
<trkpt lat="40.16551722" lon="44.50449277"></trkpt>
<trkpt lat="40.16549107" lon="44.50461199"></trkpt>
<trkpt lat="40.16546549" lon="44.50473141"></trkpt>
<trkpt lat="40.16544048" lon="44.50485104"></trkpt>
<trkpt lat="40.16541605" lon="44.50497088"></trkpt>
<trkpt lat="40.16539220" lon="44.50509091"></trkpt>
<trkpt lat="40.16536892" lon="44.50521114"></trkpt>
<trkpt lat="40.16534622" lon="44.50533156"></trkpt>
<trkpt lat="40.16532410" lon="44.50545216"></trkpt>
<trkpt lat="40.16530256" lon="44.50557294"></trkpt>
<trkpt lat="40.16528160" lon="44.50569390"></trkpt>
<trkpt lat="40.16526122" lon="44.50581502"></trkpt>
<trkpt lat="40.16524142" lon="44.50593632"></trkpt>
<trkpt lat="40.16522220" lon="44.50605777"></trkpt>
<trkpt lat="40.16520357" lon="44.50617937"></trkpt>
<trkpt lat="40.16518552" lon="44.50630113"></trkpt>
<trkpt lat="40.16516806" lon="44.50642304"></trkpt>
<trkpt lat="40.16515118" lon="44.50654508"></trkpt>
<trkpt lat="40.16513488" lon="44.50666726"></trkpt>
<trkpt lat="40.16511918" lon="44.50678958"></trkpt>
<trkpt lat="40.16510406" lon="44.50691202"></trkpt>
<trkpt lat="40.16508953" lon="44.50703458"></trkpt>
<trkpt lat="40.16507559" lon="44.50715726"></trkpt>
<trkpt lat="40.16506224" lon="44.50728005"></trkpt>
<trkpt lat="40.16504948" lon="44.50740295"></trkpt>
<trkpt lat="40.16503731" lon="44.50752595"></trkpt>
<trkpt lat="40.16502572" lon="44.50764905"></trkpt>
<trkpt lat="40.16501473" lon="44.50777224"></trkpt>
<trkpt lat="40.16500434" lon="44.50789552"></trkpt>
<trkpt lat="40.16499453" lon="44.50801888"></trkpt>
<trkpt lat="40.16498531" lon="44.50814232"></trkpt>
<trkpt lat="40.16497669" lon="44.50826584"></trkpt>
<trkpt lat="40.16496867" lon="44.50838942"></trkpt>
<trkpt lat="40.16496123" lon="44.50851306"></trkpt>
<trkpt lat="40.16495439" lon="44.50863677"></trkpt>
<trkpt lat="40.16494814" lon="44.50876053"></trkpt>
<trkpt lat="40.16494249" lon="44.50888434"></trkpt>
<trkpt lat="40.16493743" lon="44.50900819"></trkpt>
<trkpt lat="40.16493297" lon="44.50913208"></trkpt>
<trkpt lat="40.16492910" lon="44.50925600"></trkpt>
<trkpt lat="40.16492582" lon="44.50937996"></trkpt>
<trkpt lat="40.16492315" lon="44.50950394"></trkpt>
<trkpt lat="40.16492106" lon="44.50962794"></trkpt>
<trkpt lat="40.16491957" lon="44.50975195"></trkpt>
<trkpt lat="40.16491868" lon="44.50987597"></trkpt>
<trkpt lat="40.16491838" lon="44.51000000"></trkpt>
<trkpt lat="40.16491868" lon="44.51012403"></trkpt>
<trkpt lat="40.16491957" lon="44.51024805"></trkpt>
<trkpt lat="40.16492106" lon="44.51037206"></trkpt>
<trkpt lat="40.16492315" lon="44.51049606"></trkpt>
<trkpt lat="40.16492582" lon="44.51062004"></trkpt>
<trkpt lat="40.16492910" lon="44.51074400"></trkpt>
<trkpt lat="40.16493297" lon="44.51086792"></trkpt>
<trkpt lat="40.16493743" lon="44.51099181"></trkpt>
<trkpt lat="40.16494249" lon="44.51111566"></trkpt>
<trkpt lat="40.16494814" lon="44.51123947"></trkpt>
<trkpt lat="40.16495439" lon="44.51136323"></trkpt>
<trkpt lat="40.16496123" lon="44.51148694"></trkpt>
<trkpt lat="40.16496867" lon="44.51161058"></trkpt>
<trkpt lat="40.16497669" lon="44.51173416"></trkpt>
<trkpt lat="40.16498531" lon="44.51185768"></trkpt>
<trkpt lat="40.16499453" lon="44.51198112"></trkpt>
<trkpt lat="40.16500434" lon="44.51210448"></trkpt>
<trkpt lat="40.16501473" lon="44.51222776"></trkpt>
<trkpt lat="40.16502572" lon="44.51235095"></trkpt>
<trkpt lat="40.16503731" lon="44.51247405"></trkpt>
<trkpt lat="40.16504948" lon="44.51259705"></trkpt>
<trkpt lat="40.16506224" lon="44.51271995"></trkpt>
<trkpt lat="40.16507559" lon="44.51284274"></trkpt>
<trkpt lat="40.16508953" lon="44.51296542"></trkpt>
<trkpt lat="40.16510406" lon="44.51308798"></trkpt>
<trkpt lat="40.16511918" lon="44.51321042"></trkpt>
<trkpt lat="40.16513488" lon="44.51333274"></trkpt>
<trkpt lat="40.16515118" lon="44.51345492"></trkpt>
<trkpt lat="40.16516806" lon="44.51357696"></trkpt>
<trkpt lat="40.16518552" lon="44.51369887"></trkpt>
<trkpt lat="40.16520357" lon="44.51382063"></trkpt>
<trkpt lat="40.16522220" lon="44.51394223"></trkpt>
<trkpt lat="40.16524142" lon="44.51406368"></trkpt>
<trkpt lat="40.16526122" lon="44.51418498"></trkpt>
<trkpt lat="40.16528160" lon="44.51430610"></trkpt>
<trkpt lat="40.16530256" lon="44.51442706"></trkpt>
<trkpt lat="40.16532410" lon="44.51454784"></trkpt>
<trkpt lat="40.16534622" lon="44.51466844"></trkpt>
<trkpt lat="40.16536892" lon="44.51478886"></trkpt>
<trkpt lat="40.16539220" lon="44.51490909"></trkpt>
<trkpt lat="40.16541605" lon="44.51502912"></trkpt>
<trkpt lat="40.16544048" lon="44.51514896"></trkpt>
<trkpt lat="40.16546549" lon="44.51526859"></trkpt>
<trkpt lat="40.16549107" lon="44.51538801"></trkpt>
<trkpt lat="40.16551722" lon="44.51550723"></trkpt>
<trkpt lat="40.16554394" lon="44.51562622"></trkpt>
<trkpt lat="40.16557123" lon="44.51574499"></trkpt>
<trkpt lat="40.16559910" lon="44.51586354"></trkpt>
<trkpt lat="40.16562753" lon="44.51598185"></trkpt>
<trkpt lat="40.16565653" lon="44.51609993"></trkpt>
<trkpt lat="40.16568609" lon="44.51621777"></trkpt>
<trkpt lat="40.16571623" lon="44.51633536"></trkpt>
<trkpt lat="40.16574692" lon="44.51645270"></trkpt>
<trkpt lat="40.16577818" lon="44.51656979"></trkpt>
<trkpt lat="40.16581000" lon="44.51668661"></trkpt>
<trkpt lat="40.16584237" lon="44.51680318"></trkpt>
<trkpt lat="40.16587531" lon="44.51691947"></trkpt>
<trkpt lat="40.16590881" lon="44.51703549"></trkpt>
<trkpt lat="40.16594286" lon="44.51715124"></trkpt>
<trkpt lat="40.16597747" lon="44.51726670"></trkpt>
<trkpt lat="40.16601263" lon="44.51738188"></trkpt>
<trkpt lat="40.16604834" lon="44.51749676"></trkpt>
<trkpt lat="40.16608460" lon="44.51761135"></trkpt>
<trkpt lat="40.16612141" lon="44.51772563"></trkpt>
<trkpt lat="40.16615878" lon="44.51783961"></trkpt>
<trkpt lat="40.16619668" lon="44.51795329"></trkpt>
<trkpt lat="40.16623513" lon="44.51806665"></trkpt>
<trkpt lat="40.16627413" lon="44.51817969"></trkpt>
<trkpt lat="40.16631367" lon="44.51829240"></trkpt>
<trkpt lat="40.16635374" lon="44.51840479"></trkpt>
<trkpt lat="40.16639436" lon="44.51851685"></trkpt>
<trkpt lat="40.16643551" lon="44.51862857"></trkpt>
<trkpt lat="40.16647720" lon="44.51873995"></trkpt>
<trkpt lat="40.16651943" lon="44.51885099"></trkpt>
<trkpt lat="40.16656218" lon="44.51896168"></trkpt>
<trkpt lat="40.16660547" lon="44.51907201"></trkpt>
<trkpt lat="40.16664928" lon="44.51918198"></trkpt>
<trkpt lat="40.16669362" lon="44.51929160"></trkpt>
<trkpt lat="40.16673849" lon="44.51940084"></trkpt>
<trkpt lat="40.16678388" lon="44.51950972"></trkpt>
<trkpt lat="40.16682979" lon="44.51961821"></trkpt>
<trkpt lat="40.16687622" lon="44.51972633"></trkpt>
<trkpt lat="40.16692317" lon="44.51983407"></trkpt>
<trkpt lat="40.16697064" lon="44.51994141"></trkpt>
<trkpt lat="40.16701862" lon="44.52004837"></trkpt>
<trkpt lat="40.16706711" lon="44.52015493"></trkpt>
<trkpt lat="40.16711611" lon="44.52026108"></trkpt>
<trkpt lat="40.16716563" lon="44.52036684"></trkpt>
<trkpt lat="40.16721565" lon="44.52047218"></trkpt>
<trkpt lat="40.16726617" lon="44.52057711"></trkpt>
<trkpt lat="40.16731720" lon="44.52068162"></trkpt>
<trkpt lat="40.16736872" lon="44.52078571"></trkpt>
<trkpt lat="40.16742075" lon="44.52088937"></trkpt>
<trkpt lat="40.16747327" lon="44.52099261"></trkpt>
<trkpt lat="40.16752629" lon="44.52109541"></trkpt>
<trkpt lat="40.16757980" lon="44.52119777"></trkpt>
<trkpt lat="40.16763380" lon="44.52129969"></trkpt>
<trkpt lat="40.16768828" lon="44.52140116"></trkpt>
<trkpt lat="40.16774326" lon="44.52150219"></trkpt>
<trkpt lat="40.16779871" lon="44.52160276"></trkpt>
<trkpt lat="40.16785465" lon="44.52170287"></trkpt>
<trkpt lat="40.16791107" lon="44.52180252"></trkpt>
<trkpt lat="40.16796797" lon="44.52190170"></trkpt>
<trkpt lat="40.16802534" lon="44.52200041"></trkpt>
<trkpt lat="40.16808318" lon="44.52209866"></trkpt>
<trkpt lat="40.16814150" lon="44.52219642"></trkpt>
<trkpt lat="40.16820028" lon="44.52229370"></trkpt>
<trkpt lat="40.16825953" lon="44.52239049"></trkpt>
<trkpt lat="40.16831924" lon="44.52248680"></trkpt>
<trkpt lat="40.16837941" lon="44.52258261"></trkpt>
<trkpt lat="40.16844005" lon="44.52267793"></trkpt>
<trkpt lat="40.16850113" lon="44.52277275"></trkpt>
<trkpt lat="40.16856268" lon="44.52286706"></trkpt>
<trkpt lat="40.16862467" lon="44.52296086"></trkpt>
<trkpt lat="40.16868711" lon="44.52305416"></trkpt>
<trkpt lat="40.16875000" lon="44.52314693"></trkpt>
<trkpt lat="40.16881333" lon="44.52323919"></trkpt>
<trkpt lat="40.16887711" lon="44.52333093"></trkpt>
<trkpt lat="40.16894132" lon="44.52342214"></trkpt>
<trkpt lat="40.16900597" lon="44.52351281"></trkpt>
<trkpt lat="40.16907106" lon="44.52360296"></trkpt>
<trkpt lat="40.16913657" lon="44.52369257"></trkpt>
<trkpt lat="40.16920252" lon="44.52378164"></trkpt>
<trkpt lat="40.16926889" lon="44.52387016"></trkpt>
<trkpt lat="40.16933569" lon="44.52395814"></trkpt>
<trkpt lat="40.16940290" lon="44.52404556"></trkpt>
<trkpt lat="40.16947054" lon="44.52413243"></trkpt>
<trkpt lat="40.16953859" lon="44.52421875"></trkpt>
<trkpt lat="40.16960705" lon="44.52430450"></trkpt>
<trkpt lat="40.16967592" lon="44.52438969"></trkpt>
<trkpt lat="40.16974520" lon="44.52447430"></trkpt>
<trkpt lat="40.16981489" lon="44.52455835"></trkpt>
<trkpt lat="40.16988498" lon="44.52464182"></trkpt>
<trkpt lat="40.16995546" lon="44.52472472"></trkpt>
<trkpt lat="40.17002635" lon="44.52480703"></trkpt>
<trkpt lat="40.17009762" lon="44.52488876"></trkpt>
<trkpt lat="40.17016929" lon="44.52496990"></trkpt>
<trkpt lat="40.17024135" lon="44.52505045"></trkpt>
<trkpt lat="40.17031379" lon="44.52513041"></trkpt>
<trkpt lat="40.17038661" lon="44.52520977"></trkpt>
<trkpt lat="40.17045982" lon="44.52528853"></trkpt>
<trkpt lat="40.17053340" lon="44.52536668"></trkpt>
<trkpt lat="40.17060735" lon="44.52544423"></trkpt>
<trkpt lat="40.17068168" lon="44.52552117"></trkpt>
<trkpt lat="40.17075637" lon="44.52559749"></trkpt>
<trkpt lat="40.17083143" lon="44.52567320"></trkpt>
<trkpt lat="40.17090685" lon="44.52574829"></trkpt>
<trkpt lat="40.17098263" lon="44.52582276"></trkpt>
<trkpt lat="40.17105876" lon="44.52589661"></trkpt>
<trkpt lat="40.17113525" lon="44.52596982"></trkpt>
<trkpt lat="40.17121208" lon="44.52604241"></trkpt>
<trkpt lat="40.17128927" lon="44.52611436"></trkpt>
<trkpt lat="40.17136680" lon="44.52618568"></trkpt>
<trkpt lat="40.17144467" lon="44.52625636"></trkpt>
<trkpt lat="40.17152287" lon="44.52632639"></trkpt>
<trkpt lat="40.17160141" lon="44.52639579"></trkpt>
<trkpt lat="40.17168029" lon="44.52646453"></trkpt>
<trkpt lat="40.17175949" lon="44.52653263"></trkpt>
<trkpt lat="40.17183902" lon="44.52660007"></trkpt>
<trkpt lat="40.17191887" lon="44.52666685"></trkpt>
<trkpt lat="40.17199903" lon="44.52673298"></trkpt>
<trkpt lat="40.17207952" lon="44.52679845"></trkpt>
<trkpt lat="40.17216031" lon="44.52686325"></trkpt>
<trkpt lat="40.17224142" lon="44.52692739"></trkpt>
<trkpt lat="40.17232283" lon="44.52699086"></trkpt>
<trkpt lat="40.17240455" lon="44.52705366"></trkpt>
<trkpt lat="40.17248656" lon="44.52711579"></trkpt>
<trkpt lat="40.17256887" lon="44.52717724"></trkpt>
<trkpt lat="40.17265148" lon="44.52723802"></trkpt>
<trkpt lat="40.17273438" lon="44.52729811"></trkpt>
<trkpt lat="40.17281756" lon="44.52735752"></trkpt>
<trkpt lat="40.17290102" lon="44.52741624"></trkpt>
<trkpt lat="40.17298477" lon="44.52747428"></trkpt>
<trkpt lat="40.17306879" lon="44.52753162"></trkpt>
<trkpt lat="40.17315309" lon="44.52758828"></trkpt>
<trkpt lat="40.17323766" lon="44.52764424"></trkpt>
<trkpt lat="40.17332249" lon="44.52769950"></trkpt>
<trkpt lat="40.17340759" lon="44.52775407"></trkpt>
<trkpt lat="40.17349294" lon="44.52780793"></trkpt>
<trkpt lat="40.17357856" lon="44.52786109"></trkpt>
<trkpt lat="40.17366443" lon="44.52791355"></trkpt>
<trkpt lat="40.17375055" lon="44.52796530"></trkpt>
<trkpt lat="40.17383691" lon="44.52801634"></trkpt>
<trkpt lat="40.17392352" lon="44.52806667"></trkpt>
<trkpt lat="40.17401037" lon="44.52811628"></trkpt>
<trkpt lat="40.17409745" lon="44.52816518"></trkpt>
<trkpt lat="40.17418477" lon="44.52821336"></trkpt>
<trkpt lat="40.17427232" lon="44.52826083"></trkpt>
<trkpt lat="40.17436009" lon="44.52830757"></trkpt>
<trkpt lat="40.17444809" lon="44.52835359"></trkpt>
<trkpt lat="40.17453630" lon="44.52839889"></trkpt>
<trkpt lat="40.17462473" lon="44.52844345"></trkpt>
<trkpt lat="40.17471338" lon="44.52848730"></trkpt>
<trkpt lat="40.17480223" lon="44.52853041"></trkpt>
<trkpt lat="40.17489128" lon="44.52857279"></trkpt>
<trkpt lat="40.17498054" lon="44.52861443"></trkpt>
<trkpt lat="40.17507000" lon="44.52865534"></trkpt>
<trkpt lat="40.17515965" lon="44.52869552"></trkpt>
<trkpt lat="40.17524949" lon="44.52873496"></trkpt>
<trkpt lat="40.17533952" lon="44.52877365"></trkpt>
<trkpt lat="40.17542974" lon="44.52881161"></trkpt>
<trkpt lat="40.17552013" lon="44.52884882"></trkpt>
<trkpt lat="40.17561070" lon="44.52888529"></trkpt>
<trkpt lat="40.17570145" lon="44.52892102"></trkpt>
<trkpt lat="40.17579236" lon="44.52895599"></trkpt>
<trkpt lat="40.17588344" lon="44.52899022"></trkpt>
<trkpt lat="40.17597469" lon="44.52902370"></trkpt>
<trkpt lat="40.17606609" lon="44.52905643"></trkpt>
<trkpt lat="40.17615765" lon="44.52908840"></trkpt>
<trkpt lat="40.17624935" lon="44.52911963"></trkpt>
<trkpt lat="40.17634121" lon="44.52915009"></trkpt>
<trkpt lat="40.17643321" lon="44.52917980"></trkpt>
<trkpt lat="40.17652535" lon="44.52920876"></trkpt>
<trkpt lat="40.17661763" lon="44.52923695"></trkpt>
<trkpt lat="40.17671005" lon="44.52926439"></trkpt>
<trkpt lat="40.17680259" lon="44.52929107"></trkpt>
<trkpt lat="40.17689526" lon="44.52931698"></trkpt>
<trkpt lat="40.17698805" lon="44.52934213"></trkpt>
<trkpt lat="40.17708096" lon="44.52936652"></trkpt>
<trkpt lat="40.17717399" lon="44.52939014"></trkpt>
<trkpt lat="40.17726712" lon="44.52941300"></trkpt>
<trkpt lat="40.17736037" lon="44.52943509"></trkpt>
<trkpt lat="40.17745372" lon="44.52945641"></trkpt>
<trkpt lat="40.17754717" lon="44.52947697"></trkpt>
<trkpt lat="40.17764072" lon="44.52949676"></trkpt>
<trkpt lat="40.17773436" lon="44.52951578"></trkpt>
<trkpt lat="40.17782808" lon="44.52953402"></trkpt>
<trkpt lat="40.17792190" lon="44.52955150"></trkpt>
<trkpt lat="40.17801580" lon="44.52956820"></trkpt>
<trkpt lat="40.17810977" lon="44.52958413"></trkpt>
<trkpt lat="40.17820382" lon="44.52959929"></trkpt>
<trkpt lat="40.17829794" lon="44.52961368"></trkpt>
<trkpt lat="40.17839213" lon="44.52962729"></trkpt>
<trkpt lat="40.17848638" lon="44.52964012"></trkpt>
<trkpt lat="40.17858069" lon="44.52965218"></trkpt>
<trkpt lat="40.17867506" lon="44.52966347"></trkpt>
<trkpt lat="40.17876948" lon="44.52967397"></trkpt>
<trkpt lat="40.17886395" lon="44.52968370"></trkpt>
<trkpt lat="40.17895846" lon="44.52969266"></trkpt>
<trkpt lat="40.17905302" lon="44.52970084"></trkpt>
<trkpt lat="40.17914761" lon="44.52970823"></trkpt>
<trkpt lat="40.17924223" lon="44.52971486"></trkpt>
<trkpt lat="40.17933689" lon="44.52972070"></trkpt>
<trkpt lat="40.17943157" lon="44.52972576"></trkpt>
<trkpt lat="40.17952627" lon="44.52973005"></trkpt>
<trkpt lat="40.17962100" lon="44.52973355"></trkpt>
<trkpt lat="40.17971574" lon="44.52973628"></trkpt>
<trkpt lat="40.17981048" lon="44.52973823"></trkpt>
<trkpt lat="40.17990524" lon="44.52973940"></trkpt>
<trkpt lat="40.18000000" lon="44.52973979"></trkpt>
<trkpt lat="40.18009476" lon="44.52973940"></trkpt>
<trkpt lat="40.18018952" lon="44.52973823"></trkpt>
<trkpt lat="40.18028426" lon="44.52973628"></trkpt>
<trkpt lat="40.18037900" lon="44.52973355"></trkpt>
<trkpt lat="40.18047373" lon="44.52973005"></trkpt>
<trkpt lat="40.18056843" lon="44.52972576"></trkpt>
<trkpt lat="40.18066311" lon="44.52972070"></trkpt>
<trkpt lat="40.18075777" lon="44.52971486"></trkpt>
<trkpt lat="40.18085239" lon="44.52970823"></trkpt>
<trkpt lat="40.18094698" lon="44.52970084"></trkpt>
<trkpt lat="40.18104154" lon="44.52969266"></trkpt>
<trkpt lat="40.18113605" lon="44.52968370"></trkpt>
<trkpt lat="40.18123052" lon="44.52967397"></trkpt>
<trkpt lat="40.18132494" lon="44.52966347"></trkpt>
<trkpt lat="40.18141931" lon="44.52965218"></trkpt>
<trkpt lat="40.18151362" lon="44.52964012"></trkpt>
<trkpt lat="40.18160787" lon="44.52962729"></trkpt>
<trkpt lat="40.18170206" lon="44.52961368"></trkpt>
<trkpt lat="40.18179618" lon="44.52959929"></trkpt>
<trkpt lat="40.18189023" lon="44.52958413"></trkpt>
<trkpt lat="40.18198420" lon="44.52956820"></trkpt>
<trkpt lat="40.18207810" lon="44.52955150"></trkpt>
<trkpt lat="40.18217192" lon="44.52953402"></trkpt>
<trkpt lat="40.18226564" lon="44.52951578"></trkpt>
<trkpt lat="40.18235928" lon="44.52949676"></trkpt>
<trkpt lat="40.18245283" lon="44.52947697"></trkpt>
<trkpt lat="40.18254628" lon="44.52945641"></trkpt>
<trkpt lat="40.18263963" lon="44.52943509"></trkpt>
<trkpt lat="40.18273288" lon="44.52941300"></trkpt>
<trkpt lat="40.18282601" lon="44.52939014"></trkpt>
<trkpt lat="40.18291904" lon="44.52936652"></trkpt>
<trkpt lat="40.18301195" lon="44.52934213"></trkpt>
<trkpt lat="40.18310474" lon="44.52931698"></trkpt>
<trkpt lat="40.18319741" lon="44.52929107"></trkpt>
<trkpt lat="40.18328995" lon="44.52926439"></trkpt>
<trkpt lat="40.18338237" lon="44.52923695"></trkpt>
<trkpt lat="40.18347465" lon="44.52920876"></trkpt>
<trkpt lat="40.18356679" lon="44.52917980"></trkpt>
<trkpt lat="40.18365879" lon="44.52915009"></trkpt>
<trkpt lat="40.18375065" lon="44.52911963"></trkpt>
<trkpt lat="40.18384235" lon="44.52908840"></trkpt>
<trkpt lat="40.18393391" lon="44.52905643"></trkpt>
<trkpt lat="40.18402531" lon="44.52902370"></trkpt>
<trkpt lat="40.18411656" lon="44.52899022"></trkpt>
<trkpt lat="40.18420764" lon="44.52895599"></trkpt>
<trkpt lat="40.18429855" lon="44.52892102"></trkpt>
<trkpt lat="40.18438930" lon="44.52888529"></trkpt>
<trkpt lat="40.18447987" lon="44.52884882"></trkpt>
<trkpt lat="40.18457026" lon="44.52881161"></trkpt>
<trkpt lat="40.18466048" lon="44.52877365"></trkpt>
<trkpt lat="40.18475051" lon="44.52873496"></trkpt>
<trkpt lat="40.18484035" lon="44.52869552"></trkpt>
<trkpt lat="40.18493000" lon="44.52865534"></trkpt>
<trkpt lat="40.18501946" lon="44.52861443"></trkpt>
<trkpt lat="40.18510872" lon="44.52857279"></trkpt>
<trkpt lat="40.18519777" lon="44.52853041"></trkpt>
<trkpt lat="40.18528662" lon="44.52848730"></trkpt>
<trkpt lat="40.18537527" lon="44.52844345"></trkpt>
<trkpt lat="40.18546370" lon="44.52839889"></trkpt>
<trkpt lat="40.18555191" lon="44.52835359"></trkpt>
<trkpt lat="40.18563991" lon="44.52830757"></trkpt>
<trkpt lat="40.18572768" lon="44.52826083"></trkpt>
<trkpt lat="40.18581523" lon="44.52821336"></trkpt>
<trkpt lat="40.18590255" lon="44.52816518"></trkpt>
<trkpt lat="40.18598963" lon="44.52811628"></trkpt>
<trkpt lat="40.18607648" lon="44.52806667"></trkpt>
<trkpt lat="40.18616309" lon="44.52801634"></trkpt>
<trkpt lat="40.18624945" lon="44.52796530"></trkpt>
<trkpt lat="40.18633557" lon="44.52791355"></trkpt>
<trkpt lat="40.18642144" lon="44.52786109"></trkpt>
<trkpt lat="40.18650706" lon="44.52780793"></trkpt>
<trkpt lat="40.18659241" lon="44.52775407"></trkpt>
<trkpt lat="40.18667751" lon="44.52769950"></trkpt>
<trkpt lat="40.18676234" lon="44.52764424"></trkpt>
<trkpt lat="40.18684691" lon="44.52758828"></trkpt>
<trkpt lat="40.18693121" lon="44.52753162"></trkpt>
<trkpt lat="40.18701523" lon="44.52747428"></trkpt>
<trkpt lat="40.18709898" lon="44.52741624"></trkpt>
<trkpt lat="40.18718244" lon="44.52735752"></trkpt>
<trkpt lat="40.18726562" lon="44.52729811"></trkpt>
<trkpt lat="40.18734852" lon="44.52723802"></trkpt>
<trkpt lat="40.18743113" lon="44.52717724"></trkpt>
<trkpt lat="40.18751344" lon="44.52711579"></trkpt>
<trkpt lat="40.18759545" lon="44.52705366"></trkpt>
<trkpt lat="40.18767717" lon="44.52699086"></trkpt>
<trkpt lat="40.18775858" lon="44.52692739"></trkpt>
<trkpt lat="40.18783969" lon="44.52686325"></trkpt>
<trkpt lat="40.18792048" lon="44.52679845"></trkpt>
<trkpt lat="40.18800097" lon="44.52673298"></trkpt>
<trkpt lat="40.18808113" lon="44.52666685"></trkpt>
<trkpt lat="40.18816098" lon="44.52660007"></trkpt>
<trkpt lat="40.18824051" lon="44.52653263"></trkpt>
<trkpt lat="40.18831971" lon="44.52646453"></trkpt>
<trkpt lat="40.18839859" lon="44.52639579"></trkpt>
<trkpt lat="40.18847713" lon="44.52632639"></trkpt>
<trkpt lat="40.18855533" lon="44.52625636"></trkpt>
<trkpt lat="40.18863320" lon="44.52618568"></trkpt>
<trkpt lat="40.18871073" lon="44.52611436"></trkpt>
<trkpt lat="40.18878792" lon="44.52604241"></trkpt>
<trkpt lat="40.18886475" lon="44.52596982"></trkpt>
<trkpt lat="40.18894124" lon="44.52589661"></trkpt>
<trkpt lat="40.18901737" lon="44.52582276"></trkpt>
<trkpt lat="40.18909315" lon="44.52574829"></trkpt>
<trkpt lat="40.18916857" lon="44.52567320"></trkpt>
<trkpt lat="40.18924363" lon="44.52559749"></trkpt>
<trkpt lat="40.18931832" lon="44.52552117"></trkpt>
<trkpt lat="40.18939265" lon="44.52544423"></trkpt>
<trkpt lat="40.18946660" lon="44.52536668"></trkpt>
<trkpt lat="40.18954018" lon="44.52528853"></trkpt>
<trkpt lat="40.18961339" lon="44.52520977"></trkpt>
<trkpt lat="40.18968621" lon="44.52513041"></trkpt>
<trkpt lat="40.18975865" lon="44.52505045"></trkpt>
<trkpt lat="40.18983071" lon="44.52496990"></trkpt>
<trkpt lat="40.18990238" lon="44.52488876"></trkpt>
<trkpt lat="40.18997365" lon="44.52480703"></trkpt>
<trkpt lat="40.19004454" lon="44.52472472"></trkpt>
<trkpt lat="40.19011502" lon="44.52464182"></trkpt>
<trkpt lat="40.19018511" lon="44.52455835"></trkpt>
<trkpt lat="40.19025480" lon="44.52447430"></trkpt>
<trkpt lat="40.19032408" lon="44.52438969"></trkpt>
<trkpt lat="40.19039295" lon="44.52430450"></trkpt>
<trkpt lat="40.19046141" lon="44.52421875"></trkpt>
<trkpt lat="40.19052946" lon="44.52413243"></trkpt>
<trkpt lat="40.19059710" lon="44.52404556"></trkpt>
<trkpt lat="40.19066431" lon="44.52395814"></trkpt>
<trkpt lat="40.19073111" lon="44.52387016"></trkpt>
<trkpt lat="40.19079748" lon="44.52378164"></trkpt>
<trkpt lat="40.19086343" lon="44.52369257"></trkpt>
<trkpt lat="40.19092894" lon="44.52360296"></trkpt>
<trkpt lat="40.19099403" lon="44.52351281"></trkpt>
<trkpt lat="40.19105868" lon="44.52342214"></trkpt>
<trkpt lat="40.19112289" lon="44.52333093"></trkpt>
<trkpt lat="40.19118667" lon="44.52323919"></trkpt>
<trkpt lat="40.19125000" lon="44.52314693"></trkpt>
<trkpt lat="40.19131289" lon="44.52305416"></trkpt>
<trkpt lat="40.19137533" lon="44.52296086"></trkpt>
<trkpt lat="40.19143732" lon="44.52286706"></trkpt>
<trkpt lat="40.19149887" lon="44.52277275"></trkpt>
<trkpt lat="40.19155995" lon="44.52267793"></trkpt>
<trkpt lat="40.19162059" lon="44.52258261"></trkpt>
<trkpt lat="40.19168076" lon="44.52248680"></trkpt>
<trkpt lat="40.19174047" lon="44.52239049"></trkpt>
<trkpt lat="40.19179972" lon="44.52229370"></trkpt>
<trkpt lat="40.19185850" lon="44.52219642"></trkpt>
<trkpt lat="40.19191682" lon="44.52209866"></trkpt>
<trkpt lat="40.19197466" lon="44.52200041"></trkpt>
<trkpt lat="40.19203203" lon="44.52190170"></trkpt>
<trkpt lat="40.19208893" lon="44.52180252"></trkpt>
<trkpt lat="40.19214535" lon="44.52170287"></trkpt>
<trkpt lat="40.19220129" lon="44.52160276"></trkpt>
<trkpt lat="40.19225674" lon="44.52150219"></trkpt>
<trkpt lat="40.19231172" lon="44.52140116"></trkpt>
<trkpt lat="40.19236620" lon="44.52129969"></trkpt>
<trkpt lat="40.19242020" lon="44.52119777"></trkpt>
<trkpt lat="40.19247371" lon="44.52109541"></trkpt>
<trkpt lat="40.19252673" lon="44.52099261"></trkpt>
<trkpt lat="40.19257925" lon="44.52088937"></trkpt>
<trkpt lat="40.19263128" lon="44.52078571"></trkpt>
<trkpt lat="40.19268280" lon="44.52068162"></trkpt>
<trkpt lat="40.19273383" lon="44.52057711"></trkpt>
<trkpt lat="40.19278435" lon="44.52047218"></trkpt>
<trkpt lat="40.19283437" lon="44.52036684"></trkpt>
<trkpt lat="40.19288389" lon="44.52026108"></trkpt>
<trkpt lat="40.19293289" lon="44.52015493"></trkpt>
<trkpt lat="40.19298138" lon="44.52004837"></trkpt>
<trkpt lat="40.19302936" lon="44.51994141"></trkpt>
<trkpt lat="40.19307683" lon="44.51983407"></trkpt>
<trkpt lat="40.19312378" lon="44.51972633"></trkpt>
<trkpt lat="40.19317021" lon="44.51961821"></trkpt>
<trkpt lat="40.19321612" lon="44.51950972"></trkpt>
<trkpt lat="40.19326151" lon="44.51940084"></trkpt>
<trkpt lat="40.19330638" lon="44.51929160"></trkpt>
<trkpt lat="40.19335072" lon="44.51918198"></trkpt>
<trkpt lat="40.19339453" lon="44.51907201"></trkpt>
<trkpt lat="40.19343782" lon="44.51896168"></trkpt>
<trkpt lat="40.19348057" lon="44.51885099"></trkpt>
<trkpt lat="40.19352280" lon="44.51873995"></trkpt>
<trkpt lat="40.19356449" lon="44.51862857"></trkpt>
<trkpt lat="40.19360564" lon="44.51851685"></trkpt>
<trkpt lat="40.19364626" lon="44.51840479"></trkpt>
<trkpt lat="40.19368633" lon="44.51829240"></trkpt>
<trkpt lat="40.19372587" lon="44.51817969"></trkpt>
<trkpt lat="40.19376487" lon="44.51806665"></trkpt>
<trkpt lat="40.19380332" lon="44.51795329"></trkpt>
<trkpt lat="40.19384122" lon="44.51783961"></trkpt>
<trkpt lat="40.19387859" lon="44.51772563"></trkpt>
<trkpt lat="40.19391540" lon="44.51761135"></trkpt>
<trkpt lat="40.19395166" lon="44.51749676"></trkpt>
<trkpt lat="40.19398737" lon="44.51738188"></trkpt>
<trkpt lat="40.19402253" lon="44.51726670"></trkpt>
<trkpt lat="40.19405714" lon="44.51715124"></trkpt>
<trkpt lat="40.19409119" lon="44.51703549"></trkpt>
<trkpt lat="40.19412469" lon="44.51691947"></trkpt>
<trkpt lat="40.19415763" lon="44.51680318"></trkpt>
<trkpt lat="40.19419000" lon="44.51668661"></trkpt>
<trkpt lat="40.19422182" lon="44.51656979"></trkpt>
<trkpt lat="40.19425308" lon="44.51645270"></trkpt>
<trkpt lat="40.19428377" lon="44.51633536"></trkpt>
<trkpt lat="40.19431391" lon="44.51621777"></trkpt>
<trkpt lat="40.19434347" lon="44.51609993"></trkpt>
<trkpt lat="40.19437247" lon="44.51598185"></trkpt>
<trkpt lat="40.19440090" lon="44.51586354"></trkpt>
<trkpt lat="40.19442877" lon="44.51574499"></trkpt>
<trkpt lat="40.19445606" lon="44.51562622"></trkpt>
<trkpt lat="40.19448278" lon="44.51550723"></trkpt>
<trkpt lat="40.19450893" lon="44.51538801"></trkpt>
<trkpt lat="40.19453451" lon="44.51526859"></trkpt>
<trkpt lat="40.19455952" lon="44.51514896"></trkpt>
<trkpt lat="40.19458395" lon="44.51502912"></trkpt>
<trkpt lat="40.19460780" lon="44.51490909"></trkpt>
<trkpt lat="40.19463108" lon="44.51478886"></trkpt>
<trkpt lat="40.19465378" lon="44.51466844"></trkpt>
<trkpt lat="40.19467590" lon="44.51454784"></trkpt>
<trkpt lat="40.19469744" lon="44.51442706"></trkpt>
<trkpt lat="40.19471840" lon="44.51430610"></trkpt>
<trkpt lat="40.19473878" lon="44.51418498"></trkpt>
<trkpt lat="40.19475858" lon="44.51406368"></trkpt>
<trkpt lat="40.19477780" lon="44.51394223"></trkpt>
<trkpt lat="40.19479643" lon="44.51382063"></trkpt>
<trkpt lat="40.19481448" lon="44.51369887"></trkpt>
<trkpt lat="40.19483194" lon="44.51357696"></trkpt>
<trkpt lat="40.19484882" lon="44.51345492"></trkpt>
<trkpt lat="40.19486512" lon="44.51333274"></trkpt>
<trkpt lat="40.19488082" lon="44.51321042"></trkpt>
<trkpt lat="40.19489594" lon="44.51308798"></trkpt>
<trkpt lat="40.19491047" lon="44.51296542"></trkpt>
<trkpt lat="40.19492441" lon="44.51284274"></trkpt>
<trkpt lat="40.19493776" lon="44.51271995"></trkpt>
<trkpt lat="40.19495052" lon="44.51259705"></trkpt>
<trkpt lat="40.19496269" lon="44.51247405"></trkpt>
<trkpt lat="40.19497428" lon="44.51235095"></trkpt>
<trkpt lat="40.19498527" lon="44.51222776"></trkpt>
<trkpt lat="40.19499566" lon="44.51210448"></trkpt>
<trkpt lat="40.19500547" lon="44.51198112"></trkpt>
<trkpt lat="40.19501469" lon="44.51185768"></trkpt>
<trkpt lat="40.19502331" lon="44.51173416"></trkpt>
<trkpt lat="40.19503133" lon="44.51161058"></trkpt>
<trkpt lat="40.19503877" lon="44.51148694"></trkpt>
<trkpt lat="40.19504561" lon="44.51136323"></trkpt>
<trkpt lat="40.19505186" lon="44.51123947"></trkpt>
<trkpt lat="40.19505751" lon="44.51111566"></trkpt>
<trkpt lat="40.19506257" lon="44.51099181"></trkpt>
<trkpt lat="40.19506703" lon="44.51086792"></trkpt>
<trkpt lat="40.19507090" lon="44.51074400"></trkpt>
<trkpt lat="40.19507418" lon="44.51062004"></trkpt>
<trkpt lat="40.19507685" lon="44.51049606"></trkpt>
<trkpt lat="40.19507894" lon="44.51037206"></trkpt>
<trkpt lat="40.19508043" lon="44.51024805"></trkpt>
<trkpt lat="40.19508132" lon="44.51012403"></trkpt>
<trkpt lat="40.19508162" lon="44.51000000"></trkpt>
<trkpt lat="40.19508132" lon="44.50987597"></trkpt>
<trkpt lat="40.19508043" lon="44.50975195"></trkpt>
<trkpt lat="40.19507894" lon="44.50962794"></trkpt>
<trkpt lat="40.19507685" lon="44.50950394"></trkpt>
<trkpt lat="40.19507418" lon="44.50937996"></trkpt>
<trkpt lat="40.19507090" lon="44.50925600"></trkpt>
<trkpt lat="40.19506703" lon="44.50913208"></trkpt>
<trkpt lat="40.19506257" lon="44.50900819"></trkpt>
<trkpt lat="40.19505751" lon="44.50888434"></trkpt>
<trkpt lat="40.19505186" lon="44.50876053"></trkpt>
<trkpt lat="40.19504561" lon="44.50863677"></trkpt>
<trkpt lat="40.19503877" lon="44.50851306"></trkpt>
<trkpt lat="40.19503133" lon="44.50838942"></trkpt>
<trkpt lat="40.19502331" lon="44.50826584"></trkpt>
<trkpt lat="40.19501469" lon="44.50814232"></trkpt>
<trkpt lat="40.19500547" lon="44.50801888"></trkpt>
<trkpt lat="40.19499566" lon="44.50789552"></trkpt>
<trkpt lat="40.19498527" lon="44.50777224"></trkpt>
<trkpt lat="40.19497428" lon="44.50764905"></trkpt>
<trkpt lat="40.19496269" lon="44.50752595"></trkpt>
<trkpt lat="40.19495052" lon="44.50740295"></trkpt>
<trkpt lat="40.19493776" lon="44.50728005"></trkpt>
<trkpt lat="40.19492441" lon="44.50715726"></trkpt>
<trkpt lat="40.19491047" lon="44.50703458"></trkpt>
<trkpt lat="40.19489594" lon="44.50691202"></trkpt>
<trkpt lat="40.19488082" lon="44.50678958"></trkpt>
<trkpt lat="40.19486512" lon="44.50666726"></trkpt>
<trkpt lat="40.19484882" lon="44.50654508"></trkpt>
<trkpt lat="40.19483194" lon="44.50642304"></trkpt>
<trkpt lat="40.19481448" lon="44.50630113"></trkpt>
<trkpt lat="40.19479643" lon="44.50617937"></trkpt>
<trkpt lat="40.19477780" lon="44.50605777"></trkpt>
<trkpt lat="40.19475858" lon="44.50593632"></trkpt>
<trkpt lat="40.19473878" lon="44.50581502"></trkpt>
<trkpt lat="40.19471840" lon="44.50569390"></trkpt>
<trkpt lat="40.19469744" lon="44.50557294"></trkpt>
<trkpt lat="40.19467590" lon="44.50545216"></trkpt>
<trkpt lat="40.19465378" lon="44.50533156"></trkpt>
<trkpt lat="40.19463108" lon="44.50521114"></trkpt>
<trkpt lat="40.19460780" lon="44.50509091"></trkpt>
<trkpt lat="40.19458395" lon="44.50497088"></trkpt>
<trkpt lat="40.19455952" lon="44.50485104"></trkpt>
<trkpt lat="40.19453451" lon="44.50473141"></trkpt>
<trkpt lat="40.19450893" lon="44.50461199"></trkpt>
<trkpt lat="40.19448278" lon="44.50449277"></trkpt>
<trkpt lat="40.19445606" lon="44.50437378"></trkpt>
<trkpt lat="40.19442877" lon="44.50425501"></trkpt>
<trkpt lat="40.19440090" lon="44.50413646"></trkpt>
<trkpt lat="40.19437247" lon="44.50401815"></trkpt>
<trkpt lat="40.19434347" lon="44.50390007"></trkpt>
<trkpt lat="40.19431391" lon="44.50378223"></trkpt>
<trkpt lat="40.19428377" lon="44.50366464"></trkpt>
<trkpt lat="40.19425308" lon="44.50354730"></trkpt>
<trkpt lat="40.19422182" lon="44.50343021"></trkpt>
<trkpt lat="40.19419000" lon="44.50331339"></trkpt>
<trkpt lat="40.19415763" lon="44.50319682"></trkpt>
<trkpt lat="40.19412469" lon="44.50308053"></trkpt>
<trkpt lat="40.19409119" lon="44.50296451"></trkpt>
<trkpt lat="40.19405714" lon="44.50284876"></trkpt>
<trkpt lat="40.19402253" lon="44.50273330"></trkpt>
<trkpt lat="40.19398737" lon="44.50261812"></trkpt>
<trkpt lat="40.19395166" lon="44.50250324"></trkpt>
<trkpt lat="40.19391540" lon="44.50238865"></trkpt>
<trkpt lat="40.19387859" lon="44.50227437"></trkpt>
<trkpt lat="40.19384122" lon="44.50216039"></trkpt>
<trkpt lat="40.19380332" lon="44.50204671"></trkpt>
<trkpt lat="40.19376487" lon="44.50193335"></trkpt>
<trkpt lat="40.19372587" lon="44.50182031"></trkpt>
<trkpt lat="40.19368633" lon="44.50170760"></trkpt>
<trkpt lat="40.19364626" lon="44.50159521"></trkpt>
<trkpt lat="40.19360564" lon="44.50148315"></trkpt>
<trkpt lat="40.19356449" lon="44.50137143"></trkpt>
<trkpt lat="40.19352280" lon="44.50126005"></trkpt>
<trkpt lat="40.19348057" lon="44.50114901"></trkpt>
<trkpt lat="40.19343782" lon="44.50103832"></trkpt>
<trkpt lat="40.19339453" lon="44.50092799"></trkpt>
<trkpt lat="40.19335072" lon="44.50081802"></trkpt>
<trkpt lat="40.19330638" lon="44.50070840"></trkpt>
<trkpt lat="40.19326151" lon="44.50059916"></trkpt>
<trkpt lat="40.19321612" lon="44.50049028"></trkpt>
<trkpt lat="40.19317021" lon="44.50038179"></trkpt>
<trkpt lat="40.19312378" lon="44.50027367"></trkpt>
<trkpt lat="40.19307683" lon="44.50016593"></trkpt>
<trkpt lat="40.19302936" lon="44.50005859"></trkpt>
<trkpt lat="40.19298138" lon="44.49995163"></trkpt>
<trkpt lat="40.19293289" lon="44.49984507"></trkpt>
<trkpt lat="40.19288389" lon="44.49973892"></trkpt>
<trkpt lat="40.19283437" lon="44.49963316"></trkpt>
<trkpt lat="40.19278435" lon="44.49952782"></trkpt>
<trkpt lat="40.19273383" lon="44.49942289"></trkpt>
<trkpt lat="40.19268280" lon="44.49931838"></trkpt>
<trkpt lat="40.19263128" lon="44.49921429"></trkpt>
<trkpt lat="40.19257925" lon="44.49911063"></trkpt>
<trkpt lat="40.19252673" lon="44.49900739"></trkpt>
<trkpt lat="40.19247371" lon="44.49890459"></trkpt>
<trkpt lat="40.19242020" lon="44.49880223"></trkpt>
<trkpt lat="40.19236620" lon="44.49870031"></trkpt>
<trkpt lat="40.19231172" lon="44.49859884"></trkpt>
<trkpt lat="40.19225674" lon="44.49849781"></trkpt>
<trkpt lat="40.19220129" lon="44.49839724"></trkpt>
<trkpt lat="40.19214535" lon="44.49829713"></trkpt>
<trkpt lat="40.19208893" lon="44.49819748"></trkpt>
<trkpt lat="40.19203203" lon="44.49809830"></trkpt>
<trkpt lat="40.19197466" lon="44.49799959"></trkpt>
<trkpt lat="40.19191682" lon="44.49790134"></trkpt>
<trkpt lat="40.19185850" lon="44.49780358"></trkpt>
<trkpt lat="40.19179972" lon="44.49770630"></trkpt>
<trkpt lat="40.19174047" lon="44.49760951"></trkpt>
<trkpt lat="40.19168076" lon="44.49751320"></trkpt>
<trkpt lat="40.19162059" lon="44.49741739"></trkpt>
<trkpt lat="40.19155995" lon="44.49732207"></trkpt>
<trkpt lat="40.19149887" lon="44.49722725"></trkpt>
<trkpt lat="40.19143732" lon="44.49713294"></trkpt>
<trkpt lat="40.19137533" lon="44.49703914"></trkpt>
<trkpt lat="40.19131289" lon="44.49694584"></trkpt>
<trkpt lat="40.19125000" lon="44.49685307"></trkpt>
<trkpt lat="40.19118667" lon="44.49676081"></trkpt>
<trkpt lat="40.19112289" lon="44.49666907"></trkpt>
<trkpt lat="40.19105868" lon="44.49657786"></trkpt>
<trkpt lat="40.19099403" lon="44.49648719"></trkpt>
<trkpt lat="40.19092894" lon="44.49639704"></trkpt>
<trkpt lat="40.19086343" lon="44.49630743"></trkpt>
<trkpt lat="40.19079748" lon="44.49621836"></trkpt>
<trkpt lat="40.19073111" lon="44.49612984"></trkpt>
<trkpt lat="40.19066431" lon="44.49604186"></trkpt>
<trkpt lat="40.19059710" lon="44.49595444"></trkpt>
<trkpt lat="40.19052946" lon="44.49586757"></trkpt>
<trkpt lat="40.19046141" lon="44.49578125"></trkpt>
<trkpt lat="40.19039295" lon="44.49569550"></trkpt>
<trkpt lat="40.19032408" lon="44.49561031"></trkpt>
<trkpt lat="40.19025480" lon="44.49552570"></trkpt>
<trkpt lat="40.19018511" lon="44.49544165"></trkpt>
<trkpt lat="40.19011502" lon="44.49535818"></trkpt>
<trkpt lat="40.19004454" lon="44.49527528"></trkpt>
<trkpt lat="40.18997365" lon="44.49519297"></trkpt>
<trkpt lat="40.18990238" lon="44.49511124"></trkpt>
<trkpt lat="40.18983071" lon="44.49503010"></trkpt>
<trkpt lat="40.18975865" lon="44.49494955"></trkpt>
<trkpt lat="40.18968621" lon="44.49486959"></trkpt>
<trkpt lat="40.18961339" lon="44.49479023"></trkpt>
<trkpt lat="40.18954018" lon="44.49471147"></trkpt>
<trkpt lat="40.18946660" lon="44.49463332"></trkpt>
<trkpt lat="40.18939265" lon="44.49455577"></trkpt>
<trkpt lat="40.18931832" lon="44.49447883"></trkpt>
<trkpt lat="40.18924363" lon="44.49440251"></trkpt>
<trkpt lat="40.18916857" lon="44.49432680"></trkpt>
<trkpt lat="40.18909315" lon="44.49425171"></trkpt>
<trkpt lat="40.18901737" lon="44.49417724"></trkpt>
<trkpt lat="40.18894124" lon="44.49410339"></trkpt>
<trkpt lat="40.18886475" lon="44.49403018"></trkpt>
<trkpt lat="40.18878792" lon="44.49395759"></trkpt>
<trkpt lat="40.18871073" lon="44.49388564"></trkpt>
<trkpt lat="40.18863320" lon="44.49381432"></trkpt>
<trkpt lat="40.18855533" lon="44.49374364"></trkpt>
<trkpt lat="40.18847713" lon="44.49367361"></trkpt>
<trkpt lat="40.18839859" lon="44.49360421"></trkpt>
<trkpt lat="40.18831971" lon="44.49353547"></trkpt>
<trkpt lat="40.18824051" lon="44.49346737"></trkpt>
<trkpt lat="40.18816098" lon="44.49339993"></trkpt>
<trkpt lat="40.18808113" lon="44.49333315"></trkpt>
<trkpt lat="40.18800097" lon="44.49326702"></trkpt>
<trkpt lat="40.18792048" lon="44.49320155"></trkpt>
<trkpt lat="40.18783969" lon="44.49313675"></trkpt>
<trkpt lat="40.18775858" lon="44.49307261"></trkpt>
<trkpt lat="40.18767717" lon="44.49300914"></trkpt>
<trkpt lat="40.18759545" lon="44.49294634"></trkpt>
<trkpt lat="40.18751344" lon="44.49288421"></trkpt>
<trkpt lat="40.18743113" lon="44.49282276"></trkpt>
<trkpt lat="40.18734852" lon="44.49276198"></trkpt>
<trkpt lat="40.18726562" lon="44.49270189"></trkpt>
<trkpt lat="40.18718244" lon="44.49264248"></trkpt>
<trkpt lat="40.18709898" lon="44.49258376"></trkpt>
<trkpt lat="40.18701523" lon="44.49252572"></trkpt>
<trkpt lat="40.18693121" lon="44.49246838"></trkpt>
<trkpt lat="40.18684691" lon="44.49241172"></trkpt>
<trkpt lat="40.18676234" lon="44.49235576"></trkpt>
<trkpt lat="40.18667751" lon="44.49230050"></trkpt>
<trkpt lat="40.18659241" lon="44.49224593"></trkpt>
<trkpt lat="40.18650706" lon="44.49219207"></trkpt>
<trkpt lat="40.18642144" lon="44.49213891"></trkpt>
<trkpt lat="40.18633557" lon="44.49208645"></trkpt>
<trkpt lat="40.18624945" lon="44.49203470"></trkpt>
<trkpt lat="40.18616309" lon="44.49198366"></trkpt>
<trkpt lat="40.18607648" lon="44.49193333"></trkpt>
<trkpt lat="40.18598963" lon="44.49188372"></trkpt>
<trkpt lat="40.18590255" lon="44.49183482"></trkpt>
<trkpt lat="40.18581523" lon="44.49178664"></trkpt>
<trkpt lat="40.18572768" lon="44.49173917"></trkpt>
<trkpt lat="40.18563991" lon="44.49169243"></trkpt>
<trkpt lat="40.18555191" lon="44.49164641"></trkpt>
<trkpt lat="40.18546370" lon="44.49160111"></trkpt>
<trkpt lat="40.18537527" lon="44.49155655"></trkpt>
<trkpt lat="40.18528662" lon="44.49151270"></trkpt>
<trkpt lat="40.18519777" lon="44.49146959"></trkpt>
<trkpt lat="40.18510872" lon="44.49142721"></trkpt>
<trkpt lat="40.18501946" lon="44.49138557"></trkpt>
<trkpt lat="40.18493000" lon="44.49134466"></trkpt>
<trkpt lat="40.18484035" lon="44.49130448"></trkpt>
<trkpt lat="40.18475051" lon="44.49126504"></trkpt>
<trkpt lat="40.18466048" lon="44.49122635"></trkpt>
<trkpt lat="40.18457026" lon="44.49118839"></trkpt>
<trkpt lat="40.18447987" lon="44.49115118"></trkpt>
<trkpt lat="40.18438930" lon="44.49111471"></trkpt>
<trkpt lat="40.18429855" lon="44.49107898"></trkpt>
<trkpt lat="40.18420764" lon="44.49104401"></trkpt>
<trkpt lat="40.18411656" lon="44.49100978"></trkpt>
<trkpt lat="40.18402531" lon="44.49097630"></trkpt>
<trkpt lat="40.18393391" lon="44.49094357"></trkpt>
<trkpt lat="40.18384235" lon="44.49091160"></trkpt>
<trkpt lat="40.18375065" lon="44.49088037"></trkpt>
<trkpt lat="40.18365879" lon="44.49084991"></trkpt>
<trkpt lat="40.18356679" lon="44.49082020"></trkpt>
<trkpt lat="40.18347465" lon="44.49079124"></trkpt>
<trkpt lat="40.18338237" lon="44.49076305"></trkpt>
<trkpt lat="40.18328995" lon="44.49073561"></trkpt>
<trkpt lat="40.18319741" lon="44.49070893"></trkpt>
<trkpt lat="40.18310474" lon="44.49068302"></trkpt>
<trkpt lat="40.18301195" lon="44.49065787"></trkpt>
<trkpt lat="40.18291904" lon="44.49063348"></trkpt>
<trkpt lat="40.18282601" lon="44.49060986"></trkpt>
<trkpt lat="40.18273288" lon="44.49058700"></trkpt>
<trkpt lat="40.18263963" lon="44.49056491"></trkpt>
<trkpt lat="40.18254628" lon="44.49054359"></trkpt>
<trkpt lat="40.18245283" lon="44.49052303"></trkpt>
<trkpt lat="40.18235928" lon="44.49050324"></trkpt>
<trkpt lat="40.18226564" lon="44.49048422"></trkpt>
<trkpt lat="40.18217192" lon="44.49046598"></trkpt>
<trkpt lat="40.18207810" lon="44.49044850"></trkpt>
<trkpt lat="40.18198420" lon="44.49043180"></trkpt>
<trkpt lat="40.18189023" lon="44.49041587"></trkpt>
<trkpt lat="40.18179618" lon="44.49040071"></trkpt>
<trkpt lat="40.18170206" lon="44.49038632"></trkpt>
<trkpt lat="40.18160787" lon="44.49037271"></trkpt>
<trkpt lat="40.18151362" lon="44.49035988"></trkpt>
<trkpt lat="40.18141931" lon="44.49034782"></trkpt>
<trkpt lat="40.18132494" lon="44.49033653"></trkpt>
<trkpt lat="40.18123052" lon="44.49032603"></trkpt>
<trkpt lat="40.18113605" lon="44.49031630"></trkpt>
<trkpt lat="40.18104154" lon="44.49030734"></trkpt>
<trkpt lat="40.18094698" lon="44.49029916"></trkpt>
<trkpt lat="40.18085239" lon="44.49029177"></trkpt>
<trkpt lat="40.18075777" lon="44.49028514"></trkpt>
<trkpt lat="40.18066311" lon="44.49027930"></trkpt>
<trkpt lat="40.18056843" lon="44.49027424"></trkpt>
<trkpt lat="40.18047373" lon="44.49026995"></trkpt>
<trkpt lat="40.18037900" lon="44.49026645"></trkpt>
<trkpt lat="40.18028426" lon="44.49026372"></trkpt>
<trkpt lat="40.18018952" lon="44.49026177"></trkpt>
<trkpt lat="40.18009476" lon="44.49026060"></trkpt>
<trkpt lat="40.18000000" lon="44.49026021"></trkpt>
<trkpt lat="40.17990524" lon="44.49026060"></trkpt>
<trkpt lat="40.17981048" lon="44.49026177"></trkpt>
<trkpt lat="40.17971574" lon="44.49026372"></trkpt>
<trkpt lat="40.17962100" lon="44.49026645"></trkpt>
<trkpt lat="40.17952627" lon="44.49026995"></trkpt>
<trkpt lat="40.17943157" lon="44.49027424"></trkpt>
<trkpt lat="40.17933689" lon="44.49027930"></trkpt>
<trkpt lat="40.17924223" lon="44.49028514"></trkpt>
<trkpt lat="40.17914761" lon="44.49029177"></trkpt>
<trkpt lat="40.17905302" lon="44.49029916"></trkpt>
<trkpt lat="40.17895846" lon="44.49030734"></trkpt>
<trkpt lat="40.17886395" lon="44.49031630"></trkpt>
<trkpt lat="40.17876948" lon="44.49032603"></trkpt>
<trkpt lat="40.17867506" lon="44.49033653"></trkpt>
<trkpt lat="40.17858069" lon="44.49034782"></trkpt>
<trkpt lat="40.17848638" lon="44.49035988"></trkpt>
<trkpt lat="40.17839213" lon="44.49037271"></trkpt>
<trkpt lat="40.17829794" lon="44.49038632"></trkpt>
<trkpt lat="40.17820382" lon="44.49040071"></trkpt>
<trkpt lat="40.17810977" lon="44.49041587"></trkpt>
<trkpt lat="40.17801580" lon="44.49043180"></trkpt>
<trkpt lat="40.17792190" lon="44.49044850"></trkpt>
<trkpt lat="40.17782808" lon="44.49046598"></trkpt>
<trkpt lat="40.17773436" lon="44.49048422"></trkpt>
<trkpt lat="40.17764072" lon="44.49050324"></trkpt>
<trkpt lat="40.17754717" lon="44.49052303"></trkpt>
<trkpt lat="40.17745372" lon="44.49054359"></trkpt>
<trkpt lat="40.17736037" lon="44.49056491"></trkpt>
<trkpt lat="40.17726712" lon="44.49058700"></trkpt>
<trkpt lat="40.17717399" lon="44.49060986"></trkpt>
<trkpt lat="40.17708096" lon="44.49063348"></trkpt>
<trkpt lat="40.17698805" lon="44.49065787"></trkpt>
<trkpt lat="40.17689526" lon="44.49068302"></trkpt>
<trkpt lat="40.17680259" lon="44.49070893"></trkpt>
<trkpt lat="40.17671005" lon="44.49073561"></trkpt>
<trkpt lat="40.17661763" lon="44.49076305"></trkpt>
<trkpt lat="40.17652535" lon="44.49079124"></trkpt>
<trkpt lat="40.17643321" lon="44.49082020"></trkpt>
<trkpt lat="40.17634121" lon="44.49084991"></trkpt>
<trkpt lat="40.17624935" lon="44.49088037"></trkpt>
<trkpt lat="40.17615765" lon="44.49091160"></trkpt>
<trkpt lat="40.17606609" lon="44.49094357"></trkpt>
<trkpt lat="40.17597469" lon="44.49097630"></trkpt>
<trkpt lat="40.17588344" lon="44.49100978"></trkpt>
<trkpt lat="40.17579236" lon="44.49104401"></trkpt>
<trkpt lat="40.17570145" lon="44.49107898"></trkpt>
<trkpt lat="40.17561070" lon="44.49111471"></trkpt>
<trkpt lat="40.17552013" lon="44.49115118"></trkpt>
<trkpt lat="40.17542974" lon="44.49118839"></trkpt>
<trkpt lat="40.17533952" lon="44.49122635"></trkpt>
<trkpt lat="40.17524949" lon="44.49126504"></trkpt>
<trkpt lat="40.17515965" lon="44.49130448"></trkpt>
<trkpt lat="40.17507000" lon="44.49134466"></trkpt>
<trkpt lat="40.17498054" lon="44.49138557"></trkpt>
<trkpt lat="40.17489128" lon="44.49142721"></trkpt>
<trkpt lat="40.17480223" lon="44.49146959"></trkpt>
<trkpt lat="40.17471338" lon="44.49151270"></trkpt>
<trkpt lat="40.17462473" lon="44.49155655"></trkpt>
<trkpt lat="40.17453630" lon="44.49160111"></trkpt>
<trkpt lat="40.17444809" lon="44.49164641"></trkpt>
<trkpt lat="40.17436009" lon="44.49169243"></trkpt>
<trkpt lat="40.17427232" lon="44.49173917"></trkpt>
<trkpt lat="40.17418477" lon="44.49178664"></trkpt>
<trkpt lat="40.17409745" lon="44.49183482"></trkpt>
<trkpt lat="40.17401037" lon="44.49188372"></trkpt>
<trkpt lat="40.17392352" lon="44.49193333"></trkpt>
<trkpt lat="40.17383691" lon="44.49198366"></trkpt>
<trkpt lat="40.17375055" lon="44.49203470"></trkpt>
<trkpt lat="40.17366443" lon="44.49208645"></trkpt>
<trkpt lat="40.17357856" lon="44.49213891"></trkpt>
<trkpt lat="40.17349294" lon="44.49219207"></trkpt>
<trkpt lat="40.17340759" lon="44.49224593"></trkpt>
<trkpt lat="40.17332249" lon="44.49230050"></trkpt>
<trkpt lat="40.17323766" lon="44.49235576"></trkpt>
<trkpt lat="40.17315309" lon="44.49241172"></trkpt>
<trkpt lat="40.17306879" lon="44.49246838"></trkpt>
<trkpt lat="40.17298477" lon="44.49252572"></trkpt>
<trkpt lat="40.17290102" lon="44.49258376"></trkpt>
<trkpt lat="40.17281756" lon="44.49264248"></trkpt>
<trkpt lat="40.17273438" lon="44.49270189"></trkpt>
<trkpt lat="40.17265148" lon="44.49276198"></trkpt>
<trkpt lat="40.17256887" lon="44.49282276"></trkpt>
<trkpt lat="40.17248656" lon="44.49288421"></trkpt>
<trkpt lat="40.17240455" lon="44.49294634"></trkpt>
<trkpt lat="40.17232283" lon="44.49300914"></trkpt>
<trkpt lat="40.17224142" lon="44.49307261"></trkpt>
<trkpt lat="40.17216031" lon="44.49313675"></trkpt>
<trkpt lat="40.17207952" lon="44.49320155"></trkpt>
<trkpt lat="40.17199903" lon="44.49326702"></trkpt>
<trkpt lat="40.17191887" lon="44.49333315"></trkpt>
<trkpt lat="40.17183902" lon="44.49339993"></trkpt>
<trkpt lat="40.17175949" lon="44.49346737"></trkpt>
<trkpt lat="40.17168029" lon="44.49353547"></trkpt>
<trkpt lat="40.17160141" lon="44.49360421"></trkpt>
<trkpt lat="40.17152287" lon="44.49367361"></trkpt>
<trkpt lat="40.17144467" lon="44.49374364"></trkpt>
<trkpt lat="40.17136680" lon="44.49381432"></trkpt>
<trkpt lat="40.17128927" lon="44.49388564"></trkpt>
<trkpt lat="40.17121208" lon="44.49395759"></trkpt>
<trkpt lat="40.17113525" lon="44.49403018"></trkpt>
<trkpt lat="40.17105876" lon="44.49410339"></trkpt>
<trkpt lat="40.17098263" lon="44.49417724"></trkpt>
<trkpt lat="40.17090685" lon="44.49425171"></trkpt>
<trkpt lat="40.17083143" lon="44.49432680"></trkpt>
<trkpt lat="40.17075637" lon="44.49440251"></trkpt>
<trkpt lat="40.17068168" lon="44.49447883"></trkpt>
<trkpt lat="40.17060735" lon="44.49455577"></trkpt>
<trkpt lat="40.17053340" lon="44.49463332"></trkpt>
<trkpt lat="40.17045982" lon="44.49471147"></trkpt>
<trkpt lat="40.17038661" lon="44.49479023"></trkpt>
<trkpt lat="40.17031379" lon="44.49486959"></trkpt>
<trkpt lat="40.17024135" lon="44.49494955"></trkpt>
<trkpt lat="40.17016929" lon="44.49503010"></trkpt>
<trkpt lat="40.17009762" lon="44.49511124"></trkpt>
<trkpt lat="40.17002635" lon="44.49519297"></trkpt>
<trkpt lat="40.16995546" lon="44.49527528"></trkpt>
<trkpt lat="40.16988498" lon="44.49535818"></trkpt>
<trkpt lat="40.16981489" lon="44.49544165"></trkpt>
<trkpt lat="40.16974520" lon="44.49552570"></trkpt>
<trkpt lat="40.16967592" lon="44.49561031"></trkpt>
<trkpt lat="40.16960705" lon="44.49569550"></trkpt>
<trkpt lat="40.16953859" lon="44.49578125"></trkpt>
<trkpt lat="40.16947054" lon="44.49586757"></trkpt>
<trkpt lat="40.16940290" lon="44.49595444"></trkpt>
<trkpt lat="40.16933569" lon="44.49604186"></trkpt>
<trkpt lat="40.16926889" lon="44.49612984"></trkpt>
<trkpt lat="40.16920252" lon="44.49621836"></trkpt>
<trkpt lat="40.16913657" lon="44.49630743"></trkpt>
<trkpt lat="40.16907106" lon="44.49639704"></trkpt>
<trkpt lat="40.16900597" lon="44.49648719"></trkpt>
<trkpt lat="40.16894132" lon="44.49657786"></trkpt>
<trkpt lat="40.16887711" lon="44.49666907"></trkpt>
<trkpt lat="40.16881333" lon="44.49676081"></trkpt>
<trkpt lat="40.16875000" lon="44.49685307"></trkpt>
<trkpt lat="40.16868711" lon="44.49694584"></trkpt>
<trkpt lat="40.16862467" lon="44.49703914"></trkpt>
<trkpt lat="40.16856268" lon="44.49713294"></trkpt>
<trkpt lat="40.16850113" lon="44.49722725"></trkpt>
<trkpt lat="40.16844005" lon="44.49732207"></trkpt>
<trkpt lat="40.16837941" lon="44.49741739"></trkpt>
<trkpt lat="40.16831924" lon="44.49751320"></trkpt>
<trkpt lat="40.16825953" lon="44.49760951"></trkpt>
<trkpt lat="40.16820028" lon="44.49770630"></trkpt>
<trkpt lat="40.16814150" lon="44.49780358"></trkpt>
<trkpt lat="40.16808318" lon="44.49790134"></trkpt>
<trkpt lat="40.16802534" lon="44.49799959"></trkpt>
<trkpt lat="40.16796797" lon="44.49809830"></trkpt>
<trkpt lat="40.16791107" lon="44.49819748"></trkpt>
<trkpt lat="40.16785465" lon="44.49829713"></trkpt>
<trkpt lat="40.16779871" lon="44.49839724"></trkpt>
<trkpt lat="40.16774326" lon="44.49849781"></trkpt>
<trkpt lat="40.16768828" lon="44.49859884"></trkpt>
<trkpt lat="40.16763380" lon="44.49870031"></trkpt>
<trkpt lat="40.16757980" lon="44.49880223"></trkpt>
<trkpt lat="40.16752629" lon="44.49890459"></trkpt>
<trkpt lat="40.16747327" lon="44.49900739"></trkpt>
<trkpt lat="40.16742075" lon="44.49911063"></trkpt>
<trkpt lat="40.16736872" lon="44.49921429"></trkpt>
<trkpt lat="40.16731720" lon="44.49931838"></trkpt>
<trkpt lat="40.16726617" lon="44.49942289"></trkpt>
<trkpt lat="40.16721565" lon="44.49952782"></trkpt>
<trkpt lat="40.16716563" lon="44.49963316"></trkpt>
<trkpt lat="40.16711611" lon="44.49973892"></trkpt>
<trkpt lat="40.16706711" lon="44.49984507"></trkpt>
<trkpt lat="40.16701862" lon="44.49995163"></trkpt>
<trkpt lat="40.16697064" lon="44.50005859"></trkpt>
<trkpt lat="40.16692317" lon="44.50016593"></trkpt>
<trkpt lat="40.16687622" lon="44.50027367"></trkpt>
<trkpt lat="40.16682979" lon="44.50038179"></trkpt>
<trkpt lat="40.16678388" lon="44.50049028"></trkpt>
<trkpt lat="40.16673849" lon="44.50059916"></trkpt>
<trkpt lat="40.16669362" lon="44.50070840"></trkpt>
<trkpt lat="40.16664928" lon="44.50081802"></trkpt>
<trkpt lat="40.16660547" lon="44.50092799"></trkpt>
<trkpt lat="40.16656218" lon="44.50103832"></trkpt>
<trkpt lat="40.16651943" lon="44.50114901"></trkpt>
<trkpt lat="40.16647720" lon="44.50126005"></trkpt>
<trkpt lat="40.16643551" lon="44.50137143"></trkpt>
<trkpt lat="40.16639436" lon="44.50148315"></trkpt>
<trkpt lat="40.16635374" lon="44.50159521"></trkpt>
<trkpt lat="40.16631367" lon="44.50170760"></trkpt>
<trkpt lat="40.16627413" lon="44.50182031"></trkpt>
<trkpt lat="40.16623513" lon="44.50193335"></trkpt>
<trkpt lat="40.16619668" lon="44.50204671"></trkpt>
<trkpt lat="40.16615878" lon="44.50216039"></trkpt>
<trkpt lat="40.16612141" lon="44.50227437"></trkpt>
<trkpt lat="40.16608460" lon="44.50238865"></trkpt>
<trkpt lat="40.16604834" lon="44.50250324"></trkpt>
<trkpt lat="40.16601263" lon="44.50261812"></trkpt>
<trkpt lat="40.16597747" lon="44.50273330"></trkpt>
<trkpt lat="40.16594286" lon="44.50284876"></trkpt>
<trkpt lat="40.16590881" lon="44.50296451"></trkpt>
<trkpt lat="40.16587531" lon="44.50308053"></trkpt>
<trkpt lat="40.16584237" lon="44.50319682"></trkpt>
<trkpt lat="40.16581000" lon="44.50331339"></trkpt>
<trkpt lat="40.16577818" lon="44.50343021"></trkpt>
<trkpt lat="40.16574692" lon="44.50354730"></trkpt>
<trkpt lat="40.16571623" lon="44.50366464"></trkpt>
<trkpt lat="40.16568609" lon="44.50378223"></trkpt>
<trkpt lat="40.16565653" lon="44.50390007"></trkpt>
<trkpt lat="40.16562753" lon="44.50401815"></trkpt>
<trkpt lat="40.16559910" lon="44.50413646"></trkpt>
<trkpt lat="40.16557123" lon="44.50425501"></trkpt>
<trkpt lat="40.16554394" lon="44.50437378"></trkpt>
<trkpt lat="40.16551722" lon="44.50449277"></trkpt>
<trkpt lat="40.16549107" lon="44.50461199"></trkpt>
<trkpt lat="40.16546549" lon="44.50473141"></trkpt>
<trkpt lat="40.16544048" lon="44.50485104"></trkpt>
<trkpt lat="40.16541605" lon="44.50497088"></trkpt>
<trkpt lat="40.16539220" lon="44.50509091"></trkpt>
<trkpt lat="40.16536892" lon="44.50521114"></trkpt>
<trkpt lat="40.16534622" lon="44.50533156"></trkpt>
<trkpt lat="40.16532410" lon="44.50545216"></trkpt>
<trkpt lat="40.16530256" lon="44.50557294"></trkpt>
<trkpt lat="40.16528160" lon="44.50569390"></trkpt>
<trkpt lat="40.16526122" lon="44.50581502"></trkpt>
<trkpt lat="40.16524142" lon="44.50593632"></trkpt>
<trkpt lat="40.16522220" lon="44.50605777"></trkpt>
<trkpt lat="40.16520357" lon="44.50617937"></trkpt>
<trkpt lat="40.16518552" lon="44.50630113"></trkpt>
<trkpt lat="40.16516806" lon="44.50642304"></trkpt>
<trkpt lat="40.16515118" lon="44.50654508"></trkpt>
<trkpt lat="40.16513488" lon="44.50666726"></trkpt>
<trkpt lat="40.16511918" lon="44.50678958"></trkpt>
<trkpt lat="40.16510406" lon="44.50691202"></trkpt>
<trkpt lat="40.16508953" lon="44.50703458"></trkpt>
<trkpt lat="40.16507559" lon="44.50715726"></trkpt>
<trkpt lat="40.16506224" lon="44.50728005"></trkpt>
<trkpt lat="40.16504948" lon="44.50740295"></trkpt>
<trkpt lat="40.16503731" lon="44.50752595"></trkpt>
<trkpt lat="40.16502572" lon="44.50764905"></trkpt>
<trkpt lat="40.16501473" lon="44.50777224"></trkpt>
<trkpt lat="40.16500434" lon="44.50789552"></trkpt>
<trkpt lat="40.16499453" lon="44.50801888"></trkpt>
<trkpt lat="40.16498531" lon="44.50814232"></trkpt>
<trkpt lat="40.16497669" lon="44.50826584"></trkpt>
<trkpt lat="40.16496867" lon="44.50838942"></trkpt>
<trkpt lat="40.16496123" lon="44.50851306"></trkpt>
<trkpt lat="40.16495439" lon="44.50863677"></trkpt>
<trkpt lat="40.16494814" lon="44.50876053"></trkpt>
<trkpt lat="40.16494249" lon="44.50888434"></trkpt>
<trkpt lat="40.16493743" lon="44.50900819"></trkpt>
<trkpt lat="40.16493297" lon="44.50913208"></trkpt>
<trkpt lat="40.16492910" lon="44.50925600"></trkpt>
<trkpt lat="40.16492582" lon="44.50937996"></trkpt>
<trkpt lat="40.16492315" lon="44.50950394"></trkpt>
<trkpt lat="40.16492106" lon="44.50962794"></trkpt>
<trkpt lat="40.16491957" lon="44.50975195"></trkpt>
<trkpt lat="40.16491868" lon="44.50987597"></trkpt>
<trkpt lat="40.16491838" lon="44.51000000"></trkpt>
<trkpt lat="40.16491868" lon="44.51012403"></trkpt>
<trkpt lat="40.16491957" lon="44.51024805"></trkpt>
<trkpt lat="40.16492106" lon="44.51037206"></trkpt>
<trkpt lat="40.16492315" lon="44.51049606"></trkpt>
<trkpt lat="40.16492582" lon="44.51062004"></trkpt>
<trkpt lat="40.16492910" lon="44.51074400"></trkpt>
<trkpt lat="40.16493297" lon="44.51086792"></trkpt>
<trkpt lat="40.16493743" lon="44.51099181"></trkpt>
<trkpt lat="40.16494249" lon="44.51111566"></trkpt>
<trkpt lat="40.16494814" lon="44.51123947"></trkpt>
<trkpt lat="40.16495439" lon="44.51136323"></trkpt>
<trkpt lat="40.16496123" lon="44.51148694"></trkpt>
<trkpt lat="40.16496867" lon="44.51161058"></trkpt>
<trkpt lat="40.16497669" lon="44.51173416"></trkpt>
<trkpt lat="40.16498531" lon="44.51185768"></trkpt>
<trkpt lat="40.16499453" lon="44.51198112"></trkpt>
<trkpt lat="40.16500434" lon="44.51210448"></trkpt>
<trkpt lat="40.16501473" lon="44.51222776"></trkpt>
<trkpt lat="40.16502572" lon="44.51235095"></trkpt>
<trkpt lat="40.16503731" lon="44.51247405"></trkpt>
<trkpt lat="40.16504948" lon="44.51259705"></trkpt>
<trkpt lat="40.16506224" lon="44.51271995"></trkpt>
<trkpt lat="40.16507559" lon="44.51284274"></trkpt>
<trkpt lat="40.16508953" lon="44.51296542"></trkpt>
<trkpt lat="40.16510406" lon="44.51308798"></trkpt>
<trkpt lat="40.16511918" lon="44.51321042"></trkpt>
<trkpt lat="40.16513488" lon="44.51333274"></trkpt>
<trkpt lat="40.16515118" lon="44.51345492"></trkpt>
<trkpt lat="40.16516806" lon="44.51357696"></trkpt>
<trkpt lat="40.16518552" lon="44.51369887"></trkpt>
<trkpt lat="40.16520357" lon="44.51382063"></trkpt>
<trkpt lat="40.16522220" lon="44.51394223"></trkpt>
<trkpt lat="40.16524142" lon="44.51406368"></trkpt>
<trkpt lat="40.16526122" lon="44.51418498"></trkpt>
<trkpt lat="40.16528160" lon="44.51430610"></trkpt>
<trkpt lat="40.16530256" lon="44.51442706"></trkpt>
<trkpt lat="40.16532410" lon="44.51454784"></trkpt>
<trkpt lat="40.16534622" lon="44.51466844"></trkpt>
<trkpt lat="40.16536892" lon="44.51478886"></trkpt>
<trkpt lat="40.16539220" lon="44.51490909"></trkpt>
<trkpt lat="40.16541605" lon="44.51502912"></trkpt>
<trkpt lat="40.16544048" lon="44.51514896"></trkpt>
<trkpt lat="40.16546549" lon="44.51526859"></trkpt>
<trkpt lat="40.16549107" lon="44.51538801"></trkpt>
<trkpt lat="40.16551722" lon="44.51550723"></trkpt>
<trkpt lat="40.16554394" lon="44.51562622"></trkpt>
<trkpt lat="40.16557123" lon="44.51574499"></trkpt>
<trkpt lat="40.16559910" lon="44.51586354"></trkpt>
<trkpt lat="40.16562753" lon="44.51598185"></trkpt>
<trkpt lat="40.16565653" lon="44.51609993"></trkpt>
<trkpt lat="40.16568609" lon="44.51621777"></trkpt>
<trkpt lat="40.16571623" lon="44.51633536"></trkpt>
<trkpt lat="40.16574692" lon="44.51645270"></trkpt>
<trkpt lat="40.16577818" lon="44.51656979"></trkpt>
<trkpt lat="40.16581000" lon="44.51668661"></trkpt>
<trkpt lat="40.16584237" lon="44.51680318"></trkpt>
<trkpt lat="40.16587531" lon="44.51691947"></trkpt>
<trkpt lat="40.16590881" lon="44.51703549"></trkpt>
<trkpt lat="40.16594286" lon="44.51715124"></trkpt>
<trkpt lat="40.16597747" lon="44.51726670"></trkpt>
<trkpt lat="40.16601263" lon="44.51738188"></trkpt>
<trkpt lat="40.16604834" lon="44.51749676"></trkpt>
<trkpt lat="40.16608460" lon="44.51761135"></trkpt>
<trkpt lat="40.16612141" lon="44.51772563"></trkpt>
<trkpt lat="40.16615878" lon="44.51783961"></trkpt>
<trkpt lat="40.16619668" lon="44.51795329"></trkpt>
<trkpt lat="40.16623513" lon="44.51806665"></trkpt>
<trkpt lat="40.16627413" lon="44.51817969"></trkpt>
<trkpt lat="40.16631367" lon="44.51829240"></trkpt>
<trkpt lat="40.16635374" lon="44.51840479"></trkpt>
<trkpt lat="40.16639436" lon="44.51851685"></trkpt>
<trkpt lat="40.16643551" lon="44.51862857"></trkpt>
<trkpt lat="40.16647720" lon="44.51873995"></trkpt>
<trkpt lat="40.16651943" lon="44.51885099"></trkpt>
<trkpt lat="40.16656218" lon="44.51896168"></trkpt>
<trkpt lat="40.16660547" lon="44.51907201"></trkpt>
<trkpt lat="40.16664928" lon="44.51918198"></trkpt>
<trkpt lat="40.16669362" lon="44.51929160"></trkpt>
<trkpt lat="40.16673849" lon="44.51940084"></trkpt>
<trkpt lat="40.16678388" lon="44.51950972"></trkpt>
<trkpt lat="40.16682979" lon="44.51961821"></trkpt>
<trkpt lat="40.16687622" lon="44.51972633"></trkpt>
<trkpt lat="40.16692317" lon="44.51983407"></trkpt>
<trkpt lat="40.16697064" lon="44.51994141"></trkpt>
<trkpt lat="40.16701862" lon="44.52004837"></trkpt>
<trkpt lat="40.16706711" lon="44.52015493"></trkpt>
<trkpt lat="40.16711611" lon="44.52026108"></trkpt>
<trkpt lat="40.16716563" lon="44.52036684"></trkpt>
<trkpt lat="40.16721565" lon="44.52047218"></trkpt>
<trkpt lat="40.16726617" lon="44.52057711"></trkpt>
<trkpt lat="40.16731720" lon="44.52068162"></trkpt>
<trkpt lat="40.16736872" lon="44.52078571"></trkpt>
<trkpt lat="40.16742075" lon="44.52088937"></trkpt>
<trkpt lat="40.16747327" lon="44.52099261"></trkpt>
<trkpt lat="40.16752629" lon="44.52109541"></trkpt>
<trkpt lat="40.16757980" lon="44.52119777"></trkpt>
<trkpt lat="40.16763380" lon="44.52129969"></trkpt>
<trkpt lat="40.16768828" lon="44.52140116"></trkpt>
<trkpt lat="40.16774326" lon="44.52150219"></trkpt>
<trkpt lat="40.16779871" lon="44.52160276"></trkpt>
<trkpt lat="40.16785465" lon="44.52170287"></trkpt>
<trkpt lat="40.16791107" lon="44.52180252"></trkpt>
<trkpt lat="40.16796797" lon="44.52190170"></trkpt>
<trkpt lat="40.16802534" lon="44.52200041"></trkpt>
<trkpt lat="40.16808318" lon="44.52209866"></trkpt>
<trkpt lat="40.16814150" lon="44.52219642"></trkpt>
<trkpt lat="40.16820028" lon="44.52229370"></trkpt>
<trkpt lat="40.16825953" lon="44.52239049"></trkpt>
<trkpt lat="40.16831924" lon="44.52248680"></trkpt>
<trkpt lat="40.16837941" lon="44.52258261"></trkpt>
<trkpt lat="40.16844005" lon="44.52267793"></trkpt>
<trkpt lat="40.16850113" lon="44.52277275"></trkpt>
<trkpt lat="40.16856268" lon="44.52286706"></trkpt>
<trkpt lat="40.16862467" lon="44.52296086"></trkpt>
<trkpt lat="40.16868711" lon="44.52305416"></trkpt>
<trkpt lat="40.16875000" lon="44.52314693"></trkpt>
<trkpt lat="40.16881333" lon="44.52323919"></trkpt>
<trkpt lat="40.16887711" lon="44.52333093"></trkpt>
<trkpt lat="40.16894132" lon="44.52342214"></trkpt>
<trkpt lat="40.16900597" lon="44.52351281"></trkpt>
<trkpt lat="40.16907106" lon="44.52360296"></trkpt>
<trkpt lat="40.16913657" lon="44.52369257"></trkpt>
<trkpt lat="40.16920252" lon="44.52378164"></trkpt>
<trkpt lat="40.16926889" lon="44.52387016"></trkpt>
<trkpt lat="40.16933569" lon="44.52395814"></trkpt>
<trkpt lat="40.16940290" lon="44.52404556"></trkpt>
<trkpt lat="40.16947054" lon="44.52413243"></trkpt>
<trkpt lat="40.16953859" lon="44.52421875"></trkpt>
<trkpt lat="40.16960705" lon="44.52430450"></trkpt>
<trkpt lat="40.16967592" lon="44.52438969"></trkpt>
<trkpt lat="40.16974520" lon="44.52447430"></trkpt>
<trkpt lat="40.16981489" lon="44.52455835"></trkpt>
<trkpt lat="40.16988498" lon="44.52464182"></trkpt>
<trkpt lat="40.16995546" lon="44.52472472"></trkpt>
<trkpt lat="40.17002635" lon="44.52480703"></trkpt>
<trkpt lat="40.17009762" lon="44.52488876"></trkpt>
<trkpt lat="40.17016929" lon="44.52496990"></trkpt>
<trkpt lat="40.17024135" lon="44.52505045"></trkpt>
<trkpt lat="40.17031379" lon="44.52513041"></trkpt>
<trkpt lat="40.17038661" lon="44.52520977"></trkpt>
<trkpt lat="40.17045982" lon="44.52528853"></trkpt>
<trkpt lat="40.17053340" lon="44.52536668"></trkpt>
<trkpt lat="40.17060735" lon="44.52544423"></trkpt>
<trkpt lat="40.17068168" lon="44.52552117"></trkpt>
<trkpt lat="40.17075637" lon="44.52559749"></trkpt>
<trkpt lat="40.17083143" lon="44.52567320"></trkpt>
<trkpt lat="40.17090685" lon="44.52574829"></trkpt>
<trkpt lat="40.17098263" lon="44.52582276"></trkpt>
<trkpt lat="40.17105876" lon="44.52589661"></trkpt>
<trkpt lat="40.17113525" lon="44.52596982"></trkpt>
<trkpt lat="40.17121208" lon="44.52604241"></trkpt>
<trkpt lat="40.17128927" lon="44.52611436"></trkpt>
<trkpt lat="40.17136680" lon="44.52618568"></trkpt>
<trkpt lat="40.17144467" lon="44.52625636"></trkpt>
<trkpt lat="40.17152287" lon="44.52632639"></trkpt>
<trkpt lat="40.17160141" lon="44.52639579"></trkpt>
<trkpt lat="40.17168029" lon="44.52646453"></trkpt>
<trkpt lat="40.17175949" lon="44.52653263"></trkpt>
<trkpt lat="40.17183902" lon="44.52660007"></trkpt>
<trkpt lat="40.17191887" lon="44.52666685"></trkpt>
<trkpt lat="40.17199903" lon="44.52673298"></trkpt>
<trkpt lat="40.17207952" lon="44.52679845"></trkpt>
<trkpt lat="40.17216031" lon="44.52686325"></trkpt>
<trkpt lat="40.17224142" lon="44.52692739"></trkpt>
<trkpt lat="40.17232283" lon="44.52699086"></trkpt>
<trkpt lat="40.17240455" lon="44.52705366"></trkpt>
<trkpt lat="40.17248656" lon="44.52711579"></trkpt>
<trkpt lat="40.17256887" lon="44.52717724"></trkpt>
<trkpt lat="40.17265148" lon="44.52723802"></trkpt>
<trkpt lat="40.17273438" lon="44.52729811"></trkpt>
<trkpt lat="40.17281756" lon="44.52735752"></trkpt>
<trkpt lat="40.17290102" lon="44.52741624"></trkpt>
<trkpt lat="40.17298477" lon="44.52747428"></trkpt>
<trkpt lat="40.17306879" lon="44.52753162"></trkpt>
<trkpt lat="40.17315309" lon="44.52758828"></trkpt>
<trkpt lat="40.17323766" lon="44.52764424"></trkpt>
<trkpt lat="40.17332249" lon="44.52769950"></trkpt>
<trkpt lat="40.17340759" lon="44.52775407"></trkpt>
<trkpt lat="40.17349294" lon="44.52780793"></trkpt>
<trkpt lat="40.17357856" lon="44.52786109"></trkpt>
<trkpt lat="40.17366443" lon="44.52791355"></trkpt>
<trkpt lat="40.17375055" lon="44.52796530"></trkpt>
<trkpt lat="40.17383691" lon="44.52801634"></trkpt>
<trkpt lat="40.17392352" lon="44.52806667"></trkpt>
<trkpt lat="40.17401037" lon="44.52811628"></trkpt>
<trkpt lat="40.17409745" lon="44.52816518"></trkpt>
<trkpt lat="40.17418477" lon="44.52821336"></trkpt>
<trkpt lat="40.17427232" lon="44.52826083"></trkpt>
<trkpt lat="40.17436009" lon="44.52830757"></trkpt>
<trkpt lat="40.17444809" lon="44.52835359"></trkpt>
<trkpt lat="40.17453630" lon="44.52839889"></trkpt>
<trkpt lat="40.17462473" lon="44.52844345"></trkpt>
<trkpt lat="40.17471338" lon="44.52848730"></trkpt>
<trkpt lat="40.17480223" lon="44.52853041"></trkpt>
<trkpt lat="40.17489128" lon="44.52857279"></trkpt>
<trkpt lat="40.17498054" lon="44.52861443"></trkpt>
<trkpt lat="40.17507000" lon="44.52865534"></trkpt>
<trkpt lat="40.17515965" lon="44.52869552"></trkpt>
<trkpt lat="40.17524949" lon="44.52873496"></trkpt>
<trkpt lat="40.17533952" lon="44.52877365"></trkpt>
<trkpt lat="40.17542974" lon="44.52881161"></trkpt>
<trkpt lat="40.17552013" lon="44.52884882"></trkpt>
<trkpt lat="40.17561070" lon="44.52888529"></trkpt>
<trkpt lat="40.17570145" lon="44.52892102"></trkpt>
<trkpt lat="40.17579236" lon="44.52895599"></trkpt>
<trkpt lat="40.17588344" lon="44.52899022"></trkpt>
<trkpt lat="40.17597469" lon="44.52902370"></trkpt>
<trkpt lat="40.17606609" lon="44.52905643"></trkpt>
<trkpt lat="40.17615765" lon="44.52908840"></trkpt>
<trkpt lat="40.17624935" lon="44.52911963"></trkpt>
<trkpt lat="40.17634121" lon="44.52915009"></trkpt>
<trkpt lat="40.17643321" lon="44.52917980"></trkpt>
<trkpt lat="40.17652535" lon="44.52920876"></trkpt>
<trkpt lat="40.17661763" lon="44.52923695"></trkpt>
<trkpt lat="40.17671005" lon="44.52926439"></trkpt>
<trkpt lat="40.17680259" lon="44.52929107"></trkpt>
<trkpt lat="40.17689526" lon="44.52931698"></trkpt>
<trkpt lat="40.17698805" lon="44.52934213"></trkpt>
<trkpt lat="40.17708096" lon="44.52936652"></trkpt>
<trkpt lat="40.17717399" lon="44.52939014"></trkpt>
<trkpt lat="40.17726712" lon="44.52941300"></trkpt>
<trkpt lat="40.17736037" lon="44.52943509"></trkpt>
<trkpt lat="40.17745372" lon="44.52945641"></trkpt>
<trkpt lat="40.17754717" lon="44.52947697"></trkpt>
<trkpt lat="40.17764072" lon="44.52949676"></trkpt>
<trkpt lat="40.17773436" lon="44.52951578"></trkpt>
<trkpt lat="40.17782808" lon="44.52953402"></trkpt>
<trkpt lat="40.17792190" lon="44.52955150"></trkpt>
<trkpt lat="40.17801580" lon="44.52956820"></trkpt>
<trkpt lat="40.17810977" lon="44.52958413"></trkpt>
<trkpt lat="40.17820382" lon="44.52959929"></trkpt>
<trkpt lat="40.17829794" lon="44.52961368"></trkpt>
<trkpt lat="40.17839213" lon="44.52962729"></trkpt>
<trkpt lat="40.17848638" lon="44.52964012"></trkpt>
<trkpt lat="40.17858069" lon="44.52965218"></trkpt>
<trkpt lat="40.17867506" lon="44.52966347"></trkpt>
<trkpt lat="40.17876948" lon="44.52967397"></trkpt>
<trkpt lat="40.17886395" lon="44.52968370"></trkpt>
<trkpt lat="40.17895846" lon="44.52969266"></trkpt>
<trkpt lat="40.17905302" lon="44.52970084"></trkpt>
<trkpt lat="40.17914761" lon="44.52970823"></trkpt>
<trkpt lat="40.17924223" lon="44.52971486"></trkpt>
<trkpt lat="40.17933689" lon="44.52972070"></trkpt>
<trkpt lat="40.17943157" lon="44.52972576"></trkpt>
<trkpt lat="40.17952627" lon="44.52973005"></trkpt>
<trkpt lat="40.17962100" lon="44.52973355"></trkpt>
<trkpt lat="40.17971574" lon="44.52973628"></trkpt>
<trkpt lat="40.17981048" lon="44.52973823"></trkpt>
<trkpt lat="40.17990524" lon="44.52973940"></trkpt>
<trkpt lat="40.18000000" lon="44.52973979"></trkpt>
<trkpt lat="40.18009476" lon="44.52973940"></trkpt>
<trkpt lat="40.18018952" lon="44.52973823"></trkpt>
<trkpt lat="40.18028426" lon="44.52973628"></trkpt>
<trkpt lat="40.18037900" lon="44.52973355"></trkpt>
<trkpt lat="40.18047373" lon="44.52973005"></trkpt>
<trkpt lat="40.18056843" lon="44.52972576"></trkpt>
<trkpt lat="40.18066311" lon="44.52972070"></trkpt>
<trkpt lat="40.18075777" lon="44.52971486"></trkpt>
<trkpt lat="40.18085239" lon="44.52970823"></trkpt>
<trkpt lat="40.18094698" lon="44.52970084"></trkpt>
<trkpt lat="40.18104154" lon="44.52969266"></trkpt>
<trkpt lat="40.18113605" lon="44.52968370"></trkpt>
<trkpt lat="40.18123052" lon="44.52967397"></trkpt>
<trkpt lat="40.18132494" lon="44.52966347"></trkpt>
<trkpt lat="40.18141931" lon="44.52965218"></trkpt>
<trkpt lat="40.18151362" lon="44.52964012"></trkpt>
<trkpt lat="40.18160787" lon="44.52962729"></trkpt>
<trkpt lat="40.18170206" lon="44.52961368"></trkpt>
<trkpt lat="40.18179618" lon="44.52959929"></trkpt>
<trkpt lat="40.18189023" lon="44.52958413"></trkpt>
<trkpt lat="40.18198420" lon="44.52956820"></trkpt>
<trkpt lat="40.18207810" lon="44.52955150"></trkpt>
<trkpt lat="40.18217192" lon="44.52953402"></trkpt>
<trkpt lat="40.18226564" lon="44.52951578"></trkpt>
<trkpt lat="40.18235928" lon="44.52949676"></trkpt>
<trkpt lat="40.18245283" lon="44.52947697"></trkpt>
<trkpt lat="40.18254628" lon="44.52945641"></trkpt>
<trkpt lat="40.18263963" lon="44.52943509"></trkpt>
<trkpt lat="40.18273288" lon="44.52941300"></trkpt>
<trkpt lat="40.18282601" lon="44.52939014"></trkpt>
<trkpt lat="40.18291904" lon="44.52936652"></trkpt>
<trkpt lat="40.18301195" lon="44.52934213"></trkpt>
<trkpt lat="40.18310474" lon="44.52931698"></trkpt>
<trkpt lat="40.18319741" lon="44.52929107"></trkpt>
<trkpt lat="40.18328995" lon="44.52926439"></trkpt>
<trkpt lat="40.18338237" lon="44.52923695"></trkpt>
<trkpt lat="40.18347465" lon="44.52920876"></trkpt>
<trkpt lat="40.18356679" lon="44.52917980"></trkpt>
<trkpt lat="40.18365879" lon="44.52915009"></trkpt>
<trkpt lat="40.18375065" lon="44.52911963"></trkpt>
<trkpt lat="40.18384235" lon="44.52908840"></trkpt>
<trkpt lat="40.18393391" lon="44.52905643"></trkpt>
<trkpt lat="40.18402531" lon="44.52902370"></trkpt>
<trkpt lat="40.18411656" lon="44.52899022"></trkpt>
<trkpt lat="40.18420764" lon="44.52895599"></trkpt>
<trkpt lat="40.18429855" lon="44.52892102"></trkpt>
<trkpt lat="40.18438930" lon="44.52888529"></trkpt>
<trkpt lat="40.18447987" lon="44.52884882"></trkpt>
<trkpt lat="40.18457026" lon="44.52881161"></trkpt>
<trkpt lat="40.18466048" lon="44.52877365"></trkpt>
<trkpt lat="40.18475051" lon="44.52873496"></trkpt>
<trkpt lat="40.18484035" lon="44.52869552"></trkpt>
<trkpt lat="40.18493000" lon="44.52865534"></trkpt>
<trkpt lat="40.18501946" lon="44.52861443"></trkpt>
<trkpt lat="40.18510872" lon="44.52857279"></trkpt>
<trkpt lat="40.18519777" lon="44.52853041"></trkpt>
<trkpt lat="40.18528662" lon="44.52848730"></trkpt>
<trkpt lat="40.18537527" lon="44.52844345"></trkpt>
<trkpt lat="40.18546370" lon="44.52839889"></trkpt>
<trkpt lat="40.18555191" lon="44.52835359"></trkpt>
<trkpt lat="40.18563991" lon="44.52830757"></trkpt>
<trkpt lat="40.18572768" lon="44.52826083"></trkpt>
<trkpt lat="40.18581523" lon="44.52821336"></trkpt>
<trkpt lat="40.18590255" lon="44.52816518"></trkpt>
<trkpt lat="40.18598963" lon="44.52811628"></trkpt>
<trkpt lat="40.18607648" lon="44.52806667"></trkpt>
<trkpt lat="40.18616309" lon="44.52801634"></trkpt>
<trkpt lat="40.18624945" lon="44.52796530"></trkpt>
<trkpt lat="40.18633557" lon="44.52791355"></trkpt>
<trkpt lat="40.18642144" lon="44.52786109"></trkpt>
<trkpt lat="40.18650706" lon="44.52780793"></trkpt>
<trkpt lat="40.18659241" lon="44.52775407"></trkpt>
<trkpt lat="40.18667751" lon="44.52769950"></trkpt>
<trkpt lat="40.18676234" lon="44.52764424"></trkpt>
<trkpt lat="40.18684691" lon="44.52758828"></trkpt>
<trkpt lat="40.18693121" lon="44.52753162"></trkpt>
<trkpt lat="40.18701523" lon="44.52747428"></trkpt>
<trkpt lat="40.18709898" lon="44.52741624"></trkpt>
<trkpt lat="40.18718244" lon="44.52735752"></trkpt>
<trkpt lat="40.18726562" lon="44.52729811"></trkpt>
<trkpt lat="40.18734852" lon="44.52723802"></trkpt>
<trkpt lat="40.18743113" lon="44.52717724"></trkpt>
<trkpt lat="40.18751344" lon="44.52711579"></trkpt>
<trkpt lat="40.18759545" lon="44.52705366"></trkpt>
<trkpt lat="40.18767717" lon="44.52699086"></trkpt>
<trkpt lat="40.18775858" lon="44.52692739"></trkpt>
<trkpt lat="40.18783969" lon="44.52686325"></trkpt>
<trkpt lat="40.18792048" lon="44.52679845"></trkpt>
<trkpt lat="40.18800097" lon="44.52673298"></trkpt>
<trkpt lat="40.18808113" lon="44.52666685"></trkpt>
<trkpt lat="40.18816098" lon="44.52660007"></trkpt>
<trkpt lat="40.18824051" lon="44.52653263"></trkpt>
<trkpt lat="40.18831971" lon="44.52646453"></trkpt>
<trkpt lat="40.18839859" lon="44.52639579"></trkpt>
<trkpt lat="40.18847713" lon="44.52632639"></trkpt>
<trkpt lat="40.18855533" lon="44.52625636"></trkpt>
<trkpt lat="40.18863320" lon="44.52618568"></trkpt>
<trkpt lat="40.18871073" lon="44.52611436"></trkpt>
<trkpt lat="40.18878792" lon="44.52604241"></trkpt>
<trkpt lat="40.18886475" lon="44.52596982"></trkpt>
<trkpt lat="40.18894124" lon="44.52589661"></trkpt>
<trkpt lat="40.18901737" lon="44.52582276"></trkpt>
<trkpt lat="40.18909315" lon="44.52574829"></trkpt>
<trkpt lat="40.18916857" lon="44.52567320"></trkpt>
<trkpt lat="40.18924363" lon="44.52559749"></trkpt>
<trkpt lat="40.18931832" lon="44.52552117"></trkpt>
<trkpt lat="40.18939265" lon="44.52544423"></trkpt>
<trkpt lat="40.18946660" lon="44.52536668"></trkpt>
<trkpt lat="40.18954018" lon="44.52528853"></trkpt>
<trkpt lat="40.18961339" lon="44.52520977"></trkpt>
<trkpt lat="40.18968621" lon="44.52513041"></trkpt>
<trkpt lat="40.18975865" lon="44.52505045"></trkpt>
<trkpt lat="40.18983071" lon="44.52496990"></trkpt>
<trkpt lat="40.18990238" lon="44.52488876"></trkpt>
<trkpt lat="40.18997365" lon="44.52480703"></trkpt>
<trkpt lat="40.19004454" lon="44.52472472"></trkpt>
<trkpt lat="40.19011502" lon="44.52464182"></trkpt>
<trkpt lat="40.19018511" lon="44.52455835"></trkpt>
<trkpt lat="40.19025480" lon="44.52447430"></trkpt>
<trkpt lat="40.19032408" lon="44.52438969"></trkpt>
<trkpt lat="40.19039295" lon="44.52430450"></trkpt>
<trkpt lat="40.19046141" lon="44.52421875"></trkpt>
<trkpt lat="40.19052946" lon="44.52413243"></trkpt>
<trkpt lat="40.19059710" lon="44.52404556"></trkpt>
<trkpt lat="40.19066431" lon="44.52395814"></trkpt>
<trkpt lat="40.19073111" lon="44.52387016"></trkpt>
<trkpt lat="40.19079748" lon="44.52378164"></trkpt>
<trkpt lat="40.19086343" lon="44.52369257"></trkpt>
<trkpt lat="40.19092894" lon="44.52360296"></trkpt>
<trkpt lat="40.19099403" lon="44.52351281"></trkpt>
<trkpt lat="40.19105868" lon="44.52342214"></trkpt>
<trkpt lat="40.19112289" lon="44.52333093"></trkpt>
<trkpt lat="40.19118667" lon="44.52323919"></trkpt>
<trkpt lat="40.19125000" lon="44.52314693"></trkpt>
<trkpt lat="40.19131289" lon="44.52305416"></trkpt>
<trkpt lat="40.19137533" lon="44.52296086"></trkpt>
<trkpt lat="40.19143732" lon="44.52286706"></trkpt>
<trkpt lat="40.19149887" lon="44.52277275"></trkpt>
<trkpt lat="40.19155995" lon="44.52267793"></trkpt>
<trkpt lat="40.19162059" lon="44.52258261"></trkpt>
<trkpt lat="40.19168076" lon="44.52248680"></trkpt>
<trkpt lat="40.19174047" lon="44.52239049"></trkpt>
<trkpt lat="40.19179972" lon="44.52229370"></trkpt>
<trkpt lat="40.19185850" lon="44.52219642"></trkpt>
<trkpt lat="40.19191682" lon="44.52209866"></trkpt>
<trkpt lat="40.19197466" lon="44.52200041"></trkpt>
<trkpt lat="40.19203203" lon="44.52190170"></trkpt>
<trkpt lat="40.19208893" lon="44.52180252"></trkpt>
<trkpt lat="40.19214535" lon="44.52170287"></trkpt>
<trkpt lat="40.19220129" lon="44.52160276"></trkpt>
<trkpt lat="40.19225674" lon="44.52150219"></trkpt>
<trkpt lat="40.19231172" lon="44.52140116"></trkpt>
<trkpt lat="40.19236620" lon="44.52129969"></trkpt>
<trkpt lat="40.19242020" lon="44.52119777"></trkpt>
<trkpt lat="40.19247371" lon="44.52109541"></trkpt>
<trkpt lat="40.19252673" lon="44.52099261"></trkpt>
<trkpt lat="40.19257925" lon="44.52088937"></trkpt>
<trkpt lat="40.19263128" lon="44.52078571"></trkpt>
<trkpt lat="40.19268280" lon="44.52068162"></trkpt>
<trkpt lat="40.19273383" lon="44.52057711"></trkpt>
<trkpt lat="40.19278435" lon="44.52047218"></trkpt>
<trkpt lat="40.19283437" lon="44.52036684"></trkpt>
<trkpt lat="40.19288389" lon="44.52026108"></trkpt>
<trkpt lat="40.19293289" lon="44.52015493"></trkpt>
<trkpt lat="40.19298138" lon="44.52004837"></trkpt>
<trkpt lat="40.19302936" lon="44.51994141"></trkpt>
<trkpt lat="40.19307683" lon="44.51983407"></trkpt>
<trkpt lat="40.19312378" lon="44.51972633"></trkpt>
<trkpt lat="40.19317021" lon="44.51961821"></trkpt>
<trkpt lat="40.19321612" lon="44.51950972"></trkpt>
<trkpt lat="40.19326151" lon="44.51940084"></trkpt>
<trkpt lat="40.19330638" lon="44.51929160"></trkpt>
<trkpt lat="40.19335072" lon="44.51918198"></trkpt>
<trkpt lat="40.19339453" lon="44.51907201"></trkpt>
<trkpt lat="40.19343782" lon="44.51896168"></trkpt>
<trkpt lat="40.19348057" lon="44.51885099"></trkpt>
<trkpt lat="40.19352280" lon="44.51873995"></trkpt>
<trkpt lat="40.19356449" lon="44.51862857"></trkpt>
<trkpt lat="40.19360564" lon="44.51851685"></trkpt>
<trkpt lat="40.19364626" lon="44.51840479"></trkpt>
<trkpt lat="40.19368633" lon="44.51829240"></trkpt>
<trkpt lat="40.19372587" lon="44.51817969"></trkpt>
<trkpt lat="40.19376487" lon="44.51806665"></trkpt>
<trkpt lat="40.19380332" lon="44.51795329"></trkpt>
<trkpt lat="40.19384122" lon="44.51783961"></trkpt>
<trkpt lat="40.19387859" lon="44.51772563"></trkpt>
<trkpt lat="40.19391540" lon="44.51761135"></trkpt>
<trkpt lat="40.19395166" lon="44.51749676"></trkpt>
<trkpt lat="40.19398737" lon="44.51738188"></trkpt>
<trkpt lat="40.19402253" lon="44.51726670"></trkpt>
<trkpt lat="40.19405714" lon="44.51715124"></trkpt>
<trkpt lat="40.19409119" lon="44.51703549"></trkpt>
<trkpt lat="40.19412469" lon="44.51691947"></trkpt>
<trkpt lat="40.19415763" lon="44.51680318"></trkpt>
<trkpt lat="40.19419000" lon="44.51668661"></trkpt>
<trkpt lat="40.19422182" lon="44.51656979"></trkpt>
<trkpt lat="40.19425308" lon="44.51645270"></trkpt>
<trkpt lat="40.19428377" lon="44.51633536"></trkpt>
<trkpt lat="40.19431391" lon="44.51621777"></trkpt>
<trkpt lat="40.19434347" lon="44.51609993"></trkpt>
<trkpt lat="40.19437247" lon="44.51598185"></trkpt>
<trkpt lat="40.19440090" lon="44.51586354"></trkpt>
<trkpt lat="40.19442877" lon="44.51574499"></trkpt>
<trkpt lat="40.19445606" lon="44.51562622"></trkpt>
<trkpt lat="40.19448278" lon="44.51550723"></trkpt>
<trkpt lat="40.19450893" lon="44.51538801"></trkpt>
<trkpt lat="40.19453451" lon="44.51526859"></trkpt>
<trkpt lat="40.19455952" lon="44.51514896"></trkpt>
<trkpt lat="40.19458395" lon="44.51502912"></trkpt>
<trkpt lat="40.19460780" lon="44.51490909"></trkpt>
<trkpt lat="40.19463108" lon="44.51478886"></trkpt>
<trkpt lat="40.19465378" lon="44.51466844"></trkpt>
<trkpt lat="40.19467590" lon="44.51454784"></trkpt>
<trkpt lat="40.19469744" lon="44.51442706"></trkpt>
<trkpt lat="40.19471840" lon="44.51430610"></trkpt>
<trkpt lat="40.19473878" lon="44.51418498"></trkpt>
<trkpt lat="40.19475858" lon="44.51406368"></trkpt>
<trkpt lat="40.19477780" lon="44.51394223"></trkpt>
<trkpt lat="40.19479643" lon="44.51382063"></trkpt>
<trkpt lat="40.19481448" lon="44.51369887"></trkpt>
<trkpt lat="40.19483194" lon="44.51357696"></trkpt>
<trkpt lat="40.19484882" lon="44.51345492"></trkpt>
<trkpt lat="40.19486512" lon="44.51333274"></trkpt>
<trkpt lat="40.19488082" lon="44.51321042"></trkpt>
<trkpt lat="40.19489594" lon="44.51308798"></trkpt>
<trkpt lat="40.19491047" lon="44.51296542"></trkpt>
<trkpt lat="40.19492441" lon="44.51284274"></trkpt>
<trkpt lat="40.19493776" lon="44.51271995"></trkpt>
<trkpt lat="40.19495052" lon="44.51259705"></trkpt>
<trkpt lat="40.19496269" lon="44.51247405"></trkpt>
<trkpt lat="40.19497428" lon="44.51235095"></trkpt>
<trkpt lat="40.19498527" lon="44.51222776"></trkpt>
<trkpt lat="40.19499566" lon="44.51210448"></trkpt>
<trkpt lat="40.19500547" lon="44.51198112"></trkpt>
<trkpt lat="40.19501469" lon="44.51185768"></trkpt>
<trkpt lat="40.19502331" lon="44.51173416"></trkpt>
<trkpt lat="40.19503133" lon="44.51161058"></trkpt>
<trkpt lat="40.19503877" lon="44.51148694"></trkpt>
<trkpt lat="40.19504561" lon="44.51136323"></trkpt>
<trkpt lat="40.19505186" lon="44.51123947"></trkpt>
<trkpt lat="40.19505751" lon="44.51111566"></trkpt>
<trkpt lat="40.19506257" lon="44.51099181"></trkpt>
<trkpt lat="40.19506703" lon="44.51086792"></trkpt>
<trkpt lat="40.19507090" lon="44.51074400"></trkpt>
<trkpt lat="40.19507418" lon="44.51062004"></trkpt>
<trkpt lat="40.19507685" lon="44.51049606"></trkpt>
<trkpt lat="40.19507894" lon="44.51037206"></trkpt>
<trkpt lat="40.19508043" lon="44.51024805"></trkpt>
<trkpt lat="40.19508132" lon="44.51012403"></trkpt>
<trkpt lat="40.19508162" lon="44.51000000"></trkpt>
<trkpt lat="40.19508132" lon="44.50987597"></trkpt>
<trkpt lat="40.19508043" lon="44.50975195"></trkpt>
<trkpt lat="40.19507894" lon="44.50962794"></trkpt>
<trkpt lat="40.19507685" lon="44.50950394"></trkpt>
<trkpt lat="40.19507418" lon="44.50937996"></trkpt>
<trkpt lat="40.19507090" lon="44.50925600"></trkpt>
<trkpt lat="40.19506703" lon="44.50913208"></trkpt>
<trkpt lat="40.19506257" lon="44.50900819"></trkpt>
<trkpt lat="40.19505751" lon="44.50888434"></trkpt>
<trkpt lat="40.19505186" lon="44.50876053"></trkpt>
<trkpt lat="40.19504561" lon="44.50863677"></trkpt>
<trkpt lat="40.19503877" lon="44.50851306"></trkpt>
<trkpt lat="40.19503133" lon="44.50838942"></trkpt>
<trkpt lat="40.19502331" lon="44.50826584"></trkpt>
<trkpt lat="40.19501469" lon="44.50814232"></trkpt>
<trkpt lat="40.19500547" lon="44.50801888"></trkpt>
<trkpt lat="40.19499566" lon="44.50789552"></trkpt>
<trkpt lat="40.19498527" lon="44.50777224"></trkpt>
<trkpt lat="40.19497428" lon="44.50764905"></trkpt>
<trkpt lat="40.19496269" lon="44.50752595"></trkpt>
<trkpt lat="40.19495052" lon="44.50740295"></trkpt>
<trkpt lat="40.19493776" lon="44.50728005"></trkpt>
<trkpt lat="40.19492441" lon="44.50715726"></trkpt>
<trkpt lat="40.19491047" lon="44.50703458"></trkpt>
<trkpt lat="40.19489594" lon="44.50691202"></trkpt>
<trkpt lat="40.19488082" lon="44.50678958"></trkpt>
<trkpt lat="40.19486512" lon="44.50666726"></trkpt>
<trkpt lat="40.19484882" lon="44.50654508"></trkpt>
<trkpt lat="40.19483194" lon="44.50642304"></trkpt>
<trkpt lat="40.19481448" lon="44.50630113"></trkpt>
<trkpt lat="40.19479643" lon="44.50617937"></trkpt>
<trkpt lat="40.19477780" lon="44.50605777"></trkpt>
<trkpt lat="40.19475858" lon="44.50593632"></trkpt>
<trkpt lat="40.19473878" lon="44.50581502"></trkpt>
<trkpt lat="40.19471840" lon="44.50569390"></trkpt>
<trkpt lat="40.19469744" lon="44.50557294"></trkpt>
<trkpt lat="40.19467590" lon="44.50545216"></trkpt>
<trkpt lat="40.19465378" lon="44.50533156"></trkpt>
<trkpt lat="40.19463108" lon="44.50521114"></trkpt>
<trkpt lat="40.19460780" lon="44.50509091"></trkpt>
<trkpt lat="40.19458395" lon="44.50497088"></trkpt>
<trkpt lat="40.19455952" lon="44.50485104"></trkpt>
<trkpt lat="40.19453451" lon="44.50473141"></trkpt>
<trkpt lat="40.19450893" lon="44.50461199"></trkpt>
<trkpt lat="40.19448278" lon="44.50449277"></trkpt>
<trkpt lat="40.19445606" lon="44.50437378"></trkpt>
<trkpt lat="40.19442877" lon="44.50425501"></trkpt>
<trkpt lat="40.19440090" lon="44.50413646"></trkpt>
<trkpt lat="40.19437247" lon="44.50401815"></trkpt>
<trkpt lat="40.19434347" lon="44.50390007"></trkpt>
<trkpt lat="40.19431391" lon="44.50378223"></trkpt>
<trkpt lat="40.19428377" lon="44.50366464"></trkpt>
<trkpt lat="40.19425308" lon="44.50354730"></trkpt>
<trkpt lat="40.19422182" lon="44.50343021"></trkpt>
<trkpt lat="40.19419000" lon="44.50331339"></trkpt>
<trkpt lat="40.19415763" lon="44.50319682"></trkpt>
<trkpt lat="40.19412469" lon="44.50308053"></trkpt>
<trkpt lat="40.19409119" lon="44.50296451"></trkpt>
<trkpt lat="40.19405714" lon="44.50284876"></trkpt>
<trkpt lat="40.19402253" lon="44.50273330"></trkpt>
<trkpt lat="40.19398737" lon="44.50261812"></trkpt>
<trkpt lat="40.19395166" lon="44.50250324"></trkpt>
<trkpt lat="40.19391540" lon="44.50238865"></trkpt>
<trkpt lat="40.19387859" lon="44.50227437"></trkpt>
<trkpt lat="40.19384122" lon="44.50216039"></trkpt>
<trkpt lat="40.19380332" lon="44.50204671"></trkpt>
<trkpt lat="40.19376487" lon="44.50193335"></trkpt>
<trkpt lat="40.19372587" lon="44.50182031"></trkpt>
<trkpt lat="40.19368633" lon="44.50170760"></trkpt>
<trkpt lat="40.19364626" lon="44.50159521"></trkpt>
<trkpt lat="40.19360564" lon="44.50148315"></trkpt>
<trkpt lat="40.19356449" lon="44.50137143"></trkpt>
<trkpt lat="40.19352280" lon="44.50126005"></trkpt>
<trkpt lat="40.19348057" lon="44.50114901"></trkpt>
<trkpt lat="40.19343782" lon="44.50103832"></trkpt>
<trkpt lat="40.19339453" lon="44.50092799"></trkpt>
<trkpt lat="40.19335072" lon="44.50081802"></trkpt>
<trkpt lat="40.19330638" lon="44.50070840"></trkpt>
<trkpt lat="40.19326151" lon="44.50059916"></trkpt>
<trkpt lat="40.19321612" lon="44.50049028"></trkpt>
<trkpt lat="40.19317021" lon="44.50038179"></trkpt>
<trkpt lat="40.19312378" lon="44.50027367"></trkpt>
<trkpt lat="40.19307683" lon="44.50016593"></trkpt>
<trkpt lat="40.19302936" lon="44.50005859"></trkpt>
<trkpt lat="40.19298138" lon="44.49995163"></trkpt>
<trkpt lat="40.19293289" lon="44.49984507"></trkpt>
<trkpt lat="40.19288389" lon="44.49973892"></trkpt>
<trkpt lat="40.19283437" lon="44.49963316"></trkpt>
<trkpt lat="40.19278435" lon="44.49952782"></trkpt>
<trkpt lat="40.19273383" lon="44.49942289"></trkpt>
<trkpt lat="40.19268280" lon="44.49931838"></trkpt>
<trkpt lat="40.19263128" lon="44.49921429"></trkpt>
<trkpt lat="40.19257925" lon="44.49911063"></trkpt>
<trkpt lat="40.19252673" lon="44.49900739"></trkpt>
<trkpt lat="40.19247371" lon="44.49890459"></trkpt>
<trkpt lat="40.19242020" lon="44.49880223"></trkpt>
<trkpt lat="40.19236620" lon="44.49870031"></trkpt>
<trkpt lat="40.19231172" lon="44.49859884"></trkpt>
<trkpt lat="40.19225674" lon="44.49849781"></trkpt>
<trkpt lat="40.19220129" lon="44.49839724"></trkpt>
<trkpt lat="40.19214535" lon="44.49829713"></trkpt>
<trkpt lat="40.19208893" lon="44.49819748"></trkpt>
<trkpt lat="40.19203203" lon="44.49809830"></trkpt>
<trkpt lat="40.19197466" lon="44.49799959"></trkpt>
<trkpt lat="40.19191682" lon="44.49790134"></trkpt>
<trkpt lat="40.19185850" lon="44.49780358"></trkpt>
<trkpt lat="40.19179972" lon="44.49770630"></trkpt>
<trkpt lat="40.19174047" lon="44.49760951"></trkpt>
<trkpt lat="40.19168076" lon="44.49751320"></trkpt>
<trkpt lat="40.19162059" lon="44.49741739"></trkpt>
<trkpt lat="40.19155995" lon="44.49732207"></trkpt>
<trkpt lat="40.19149887" lon="44.49722725"></trkpt>
<trkpt lat="40.19143732" lon="44.49713294"></trkpt>
<trkpt lat="40.19137533" lon="44.49703914"></trkpt>
<trkpt lat="40.19131289" lon="44.49694584"></trkpt>
<trkpt lat="40.19125000" lon="44.49685307"></trkpt>
<trkpt lat="40.19118667" lon="44.49676081"></trkpt>
<trkpt lat="40.19112289" lon="44.49666907"></trkpt>
<trkpt lat="40.19105868" lon="44.49657786"></trkpt>
<trkpt lat="40.19099403" lon="44.49648719"></trkpt>
<trkpt lat="40.19092894" lon="44.49639704"></trkpt>
<trkpt lat="40.19086343" lon="44.49630743"></trkpt>
<trkpt lat="40.19079748" lon="44.49621836"></trkpt>
<trkpt lat="40.19073111" lon="44.49612984"></trkpt>
<trkpt lat="40.19066431" lon="44.49604186"></trkpt>
<trkpt lat="40.19059710" lon="44.49595444"></trkpt>
<trkpt lat="40.19052946" lon="44.49586757"></trkpt>
<trkpt lat="40.19046141" lon="44.49578125"></trkpt>
<trkpt lat="40.19039295" lon="44.49569550"></trkpt>
<trkpt lat="40.19032408" lon="44.49561031"></trkpt>
<trkpt lat="40.19025480" lon="44.49552570"></trkpt>
<trkpt lat="40.19018511" lon="44.49544165"></trkpt>
<trkpt lat="40.19011502" lon="44.49535818"></trkpt>
<trkpt lat="40.19004454" lon="44.49527528"></trkpt>
<trkpt lat="40.18997365" lon="44.49519297"></trkpt>
<trkpt lat="40.18990238" lon="44.49511124"></trkpt>
<trkpt lat="40.18983071" lon="44.49503010"></trkpt>
<trkpt lat="40.18975865" lon="44.49494955"></trkpt>
<trkpt lat="40.18968621" lon="44.49486959"></trkpt>
<trkpt lat="40.18961339" lon="44.49479023"></trkpt>
<trkpt lat="40.18954018" lon="44.49471147"></trkpt>
<trkpt lat="40.18946660" lon="44.49463332"></trkpt>
<trkpt lat="40.18939265" lon="44.49455577"></trkpt>
<trkpt lat="40.18931832" lon="44.49447883"></trkpt>
<trkpt lat="40.18924363" lon="44.49440251"></trkpt>
<trkpt lat="40.18916857" lon="44.49432680"></trkpt>
<trkpt lat="40.18909315" lon="44.49425171"></trkpt>
<trkpt lat="40.18901737" lon="44.49417724"></trkpt>
<trkpt lat="40.18894124" lon="44.49410339"></trkpt>
<trkpt lat="40.18886475" lon="44.49403018"></trkpt>
<trkpt lat="40.18878792" lon="44.49395759"></trkpt>
<trkpt lat="40.18871073" lon="44.49388564"></trkpt>
<trkpt lat="40.18863320" lon="44.49381432"></trkpt>
<trkpt lat="40.18855533" lon="44.49374364"></trkpt>
<trkpt lat="40.18847713" lon="44.49367361"></trkpt>
<trkpt lat="40.18839859" lon="44.49360421"></trkpt>
<trkpt lat="40.18831971" lon="44.49353547"></trkpt>
<trkpt lat="40.18824051" lon="44.49346737"></trkpt>
<trkpt lat="40.18816098" lon="44.49339993"></trkpt>
<trkpt lat="40.18808113" lon="44.49333315"></trkpt>
<trkpt lat="40.18800097" lon="44.49326702"></trkpt>
<trkpt lat="40.18792048" lon="44.49320155"></trkpt>
<trkpt lat="40.18783969" lon="44.49313675"></trkpt>
<trkpt lat="40.18775858" lon="44.49307261"></trkpt>
<trkpt lat="40.18767717" lon="44.49300914"></trkpt>
<trkpt lat="40.18759545" lon="44.49294634"></trkpt>
<trkpt lat="40.18751344" lon="44.49288421"></trkpt>
<trkpt lat="40.18743113" lon="44.49282276"></trkpt>
<trkpt lat="40.18734852" lon="44.49276198"></trkpt>
<trkpt lat="40.18726562" lon="44.49270189"></trkpt>
<trkpt lat="40.18718244" lon="44.49264248"></trkpt>
<trkpt lat="40.18709898" lon="44.49258376"></trkpt>
<trkpt lat="40.18701523" lon="44.49252572"></trkpt>
<trkpt lat="40.18693121" lon="44.49246838"></trkpt>
<trkpt lat="40.18684691" lon="44.49241172"></trkpt>
<trkpt lat="40.18676234" lon="44.49235576"></trkpt>
<trkpt lat="40.18667751" lon="44.49230050"></trkpt>
<trkpt lat="40.18659241" lon="44.49224593"></trkpt>
<trkpt lat="40.18650706" lon="44.49219207"></trkpt>
<trkpt lat="40.18642144" lon="44.49213891"></trkpt>
<trkpt lat="40.18633557" lon="44.49208645"></trkpt>
<trkpt lat="40.18624945" lon="44.49203470"></trkpt>
<trkpt lat="40.18616309" lon="44.49198366"></trkpt>
<trkpt lat="40.18607648" lon="44.49193333"></trkpt>
<trkpt lat="40.18598963" lon="44.49188372"></trkpt>
<trkpt lat="40.18590255" lon="44.49183482"></trkpt>
<trkpt lat="40.18581523" lon="44.49178664"></trkpt>
<trkpt lat="40.18572768" lon="44.49173917"></trkpt>
<trkpt lat="40.18563991" lon="44.49169243"></trkpt>
<trkpt lat="40.18555191" lon="44.49164641"></trkpt>
<trkpt lat="40.18546370" lon="44.49160111"></trkpt>
<trkpt lat="40.18537527" lon="44.49155655"></trkpt>
<trkpt lat="40.18528662" lon="44.49151270"></trkpt>
<trkpt lat="40.18519777" lon="44.49146959"></trkpt>
<trkpt lat="40.18510872" lon="44.49142721"></trkpt>
<trkpt lat="40.18501946" lon="44.49138557"></trkpt>
<trkpt lat="40.18493000" lon="44.49134466"></trkpt>
<trkpt lat="40.18484035" lon="44.49130448"></trkpt>
<trkpt lat="40.18475051" lon="44.49126504"></trkpt>
<trkpt lat="40.18466048" lon="44.49122635"></trkpt>
<trkpt lat="40.18457026" lon="44.49118839"></trkpt>
<trkpt lat="40.18447987" lon="44.49115118"></trkpt>
<trkpt lat="40.18438930" lon="44.49111471"></trkpt>
<trkpt lat="40.18429855" lon="44.49107898"></trkpt>
<trkpt lat="40.18420764" lon="44.49104401"></trkpt>
<trkpt lat="40.18411656" lon="44.49100978"></trkpt>
<trkpt lat="40.18402531" lon="44.49097630"></trkpt>
<trkpt lat="40.18393391" lon="44.49094357"></trkpt>
<trkpt lat="40.18384235" lon="44.49091160"></trkpt>
<trkpt lat="40.18375065" lon="44.49088037"></trkpt>
<trkpt lat="40.18365879" lon="44.49084991"></trkpt>
<trkpt lat="40.18356679" lon="44.49082020"></trkpt>
<trkpt lat="40.18347465" lon="44.49079124"></trkpt>
<trkpt lat="40.18338237" lon="44.49076305"></trkpt>
<trkpt lat="40.18328995" lon="44.49073561"></trkpt>
<trkpt lat="40.18319741" lon="44.49070893"></trkpt>
<trkpt lat="40.18310474" lon="44.49068302"></trkpt>
<trkpt lat="40.18301195" lon="44.49065787"></trkpt>
<trkpt lat="40.18291904" lon="44.49063348"></trkpt>
<trkpt lat="40.18282601" lon="44.49060986"></trkpt>
<trkpt lat="40.18273288" lon="44.49058700"></trkpt>
<trkpt lat="40.18263963" lon="44.49056491"></trkpt>
<trkpt lat="40.18254628" lon="44.49054359"></trkpt>
<trkpt lat="40.18245283" lon="44.49052303"></trkpt>
<trkpt lat="40.18235928" lon="44.49050324"></trkpt>
<trkpt lat="40.18226564" lon="44.49048422"></trkpt>
<trkpt lat="40.18217192" lon="44.49046598"></trkpt>
<trkpt lat="40.18207810" lon="44.49044850"></trkpt>
<trkpt lat="40.18198420" lon="44.49043180"></trkpt>
<trkpt lat="40.18189023" lon="44.49041587"></trkpt>
<trkpt lat="40.18179618" lon="44.49040071"></trkpt>
<trkpt lat="40.18170206" lon="44.49038632"></trkpt>
<trkpt lat="40.18160787" lon="44.49037271"></trkpt>
<trkpt lat="40.18151362" lon="44.49035988"></trkpt>
<trkpt lat="40.18141931" lon="44.49034782"></trkpt>
<trkpt lat="40.18132494" lon="44.49033653"></trkpt>
<trkpt lat="40.18123052" lon="44.49032603"></trkpt>
<trkpt lat="40.18113605" lon="44.49031630"></trkpt>
<trkpt lat="40.18104154" lon="44.49030734"></trkpt>
<trkpt lat="40.18094698" lon="44.49029916"></trkpt>
<trkpt lat="40.18085239" lon="44.49029177"></trkpt>
<trkpt lat="40.18075777" lon="44.49028514"></trkpt>
<trkpt lat="40.18066311" lon="44.49027930"></trkpt>
<trkpt lat="40.18056843" lon="44.49027424"></trkpt>
<trkpt lat="40.18047373" lon="44.49026995"></trkpt>
<trkpt lat="40.18037900" lon="44.49026645"></trkpt>
<trkpt lat="40.18028426" lon="44.49026372"></trkpt>
<trkpt lat="40.18018952" lon="44.49026177"></trkpt>
<trkpt lat="40.18009476" lon="44.49026060"></trkpt>
<trkpt lat="40.18000000" lon="44.49026021"></trkpt>
<trkpt lat="40.17990524" lon="44.49026060"></trkpt>
<trkpt lat="40.17981048" lon="44.49026177"></trkpt>
<trkpt lat="40.17971574" lon="44.49026372"></trkpt>
<trkpt lat="40.17962100" lon="44.49026645"></trkpt>
<trkpt lat="40.17952627" lon="44.49026995"></trkpt>
<trkpt lat="40.17943157" lon="44.49027424"></trkpt>
<trkpt lat="40.17933689" lon="44.49027930"></trkpt>
<trkpt lat="40.17924223" lon="44.49028514"></trkpt>
<trkpt lat="40.17914761" lon="44.49029177"></trkpt>
<trkpt lat="40.17905302" lon="44.49029916"></trkpt>
<trkpt lat="40.17895846" lon="44.49030734"></trkpt>
<trkpt lat="40.17886395" lon="44.49031630"></trkpt>
<trkpt lat="40.17876948" lon="44.49032603"></trkpt>
<trkpt lat="40.17867506" lon="44.49033653"></trkpt>
<trkpt lat="40.17858069" lon="44.49034782"></trkpt>
<trkpt lat="40.17848638" lon="44.49035988"></trkpt>
<trkpt lat="40.17839213" lon="44.49037271"></trkpt>
<trkpt lat="40.17829794" lon="44.49038632"></trkpt>
<trkpt lat="40.17820382" lon="44.49040071"></trkpt>
<trkpt lat="40.17810977" lon="44.49041587"></trkpt>
<trkpt lat="40.17801580" lon="44.49043180"></trkpt>
<trkpt lat="40.17792190" lon="44.49044850"></trkpt>
<trkpt lat="40.17782808" lon="44.49046598"></trkpt>
<trkpt lat="40.17773436" lon="44.49048422"></trkpt>
<trkpt lat="40.17764072" lon="44.49050324"></trkpt>
<trkpt lat="40.17754717" lon="44.49052303"></trkpt>
<trkpt lat="40.17745372" lon="44.49054359"></trkpt>
<trkpt lat="40.17736037" lon="44.49056491"></trkpt>
<trkpt lat="40.17726712" lon="44.49058700"></trkpt>
<trkpt lat="40.17717399" lon="44.49060986"></trkpt>
<trkpt lat="40.17708096" lon="44.49063348"></trkpt>
<trkpt lat="40.17698805" lon="44.49065787"></trkpt>
<trkpt lat="40.17689526" lon="44.49068302"></trkpt>
<trkpt lat="40.17680259" lon="44.49070893"></trkpt>
<trkpt lat="40.17671005" lon="44.49073561"></trkpt>
<trkpt lat="40.17661763" lon="44.49076305"></trkpt>
<trkpt lat="40.17652535" lon="44.49079124"></trkpt>
<trkpt lat="40.17643321" lon="44.49082020"></trkpt>
<trkpt lat="40.17634121" lon="44.49084991"></trkpt>
<trkpt lat="40.17624935" lon="44.49088037"></trkpt>
<trkpt lat="40.17615765" lon="44.49091160"></trkpt>
<trkpt lat="40.17606609" lon="44.49094357"></trkpt>
<trkpt lat="40.17597469" lon="44.49097630"></trkpt>
<trkpt lat="40.17588344" lon="44.49100978"></trkpt>
<trkpt lat="40.17579236" lon="44.49104401"></trkpt>
<trkpt lat="40.17570145" lon="44.49107898"></trkpt>
<trkpt lat="40.17561070" lon="44.49111471"></trkpt>
<trkpt lat="40.17552013" lon="44.49115118"></trkpt>
<trkpt lat="40.17542974" lon="44.49118839"></trkpt>
<trkpt lat="40.17533952" lon="44.49122635"></trkpt>
<trkpt lat="40.17524949" lon="44.49126504"></trkpt>
<trkpt lat="40.17515965" lon="44.49130448"></trkpt>
<trkpt lat="40.17507000" lon="44.49134466"></trkpt>
<trkpt lat="40.17498054" lon="44.49138557"></trkpt>
<trkpt lat="40.17489128" lon="44.49142721"></trkpt>
<trkpt lat="40.17480223" lon="44.49146959"></trkpt>
<trkpt lat="40.17471338" lon="44.49151270"></trkpt>
<trkpt lat="40.17462473" lon="44.49155655"></trkpt>
<trkpt lat="40.17453630" lon="44.49160111"></trkpt>
<trkpt lat="40.17444809" lon="44.49164641"></trkpt>
<trkpt lat="40.17436009" lon="44.49169243"></trkpt>
<trkpt lat="40.17427232" lon="44.49173917"></trkpt>
<trkpt lat="40.17418477" lon="44.49178664"></trkpt>
<trkpt lat="40.17409745" lon="44.49183482"></trkpt>
<trkpt lat="40.17401037" lon="44.49188372"></trkpt>
<trkpt lat="40.17392352" lon="44.49193333"></trkpt>
<trkpt lat="40.17383691" lon="44.49198366"></trkpt>
<trkpt lat="40.17375055" lon="44.49203470"></trkpt>
<trkpt lat="40.17366443" lon="44.49208645"></trkpt>
<trkpt lat="40.17357856" lon="44.49213891"></trkpt>
<trkpt lat="40.17349294" lon="44.49219207"></trkpt>
<trkpt lat="40.17340759" lon="44.49224593"></trkpt>
<trkpt lat="40.17332249" lon="44.49230050"></trkpt>
<trkpt lat="40.17323766" lon="44.49235576"></trkpt>
<trkpt lat="40.17315309" lon="44.49241172"></trkpt>
<trkpt lat="40.17306879" lon="44.49246838"></trkpt>
<trkpt lat="40.17298477" lon="44.49252572"></trkpt>
<trkpt lat="40.17290102" lon="44.49258376"></trkpt>
<trkpt lat="40.17281756" lon="44.49264248"></trkpt>
<trkpt lat="40.17273438" lon="44.49270189"></trkpt>
<trkpt lat="40.17265148" lon="44.49276198"></trkpt>
<trkpt lat="40.17256887" lon="44.49282276"></trkpt>
<trkpt lat="40.17248656" lon="44.49288421"></trkpt>
<trkpt lat="40.17240455" lon="44.49294634"></trkpt>
<trkpt lat="40.17232283" lon="44.49300914"></trkpt>
<trkpt lat="40.17224142" lon="44.49307261"></trkpt>
<trkpt lat="40.17216031" lon="44.49313675"></trkpt>
<trkpt lat="40.17207952" lon="44.49320155"></trkpt>
<trkpt lat="40.17199903" lon="44.49326702"></trkpt>
<trkpt lat="40.17191887" lon="44.49333315"></trkpt>
<trkpt lat="40.17183902" lon="44.49339993"></trkpt>
<trkpt lat="40.17175949" lon="44.49346737"></trkpt>
<trkpt lat="40.17168029" lon="44.49353547"></trkpt>
<trkpt lat="40.17160141" lon="44.49360421"></trkpt>
<trkpt lat="40.17152287" lon="44.49367361"></trkpt>
<trkpt lat="40.17144467" lon="44.49374364"></trkpt>
<trkpt lat="40.17136680" lon="44.49381432"></trkpt>
<trkpt lat="40.17128927" lon="44.49388564"></trkpt>
<trkpt lat="40.17121208" lon="44.49395759"></trkpt>
<trkpt lat="40.17113525" lon="44.49403018"></trkpt>
<trkpt lat="40.17105876" lon="44.49410339"></trkpt>
<trkpt lat="40.17098263" lon="44.49417724"></trkpt>
<trkpt lat="40.17090685" lon="44.49425171"></trkpt>
<trkpt lat="40.17083143" lon="44.49432680"></trkpt>
<trkpt lat="40.17075637" lon="44.49440251"></trkpt>
<trkpt lat="40.17068168" lon="44.49447883"></trkpt>
<trkpt lat="40.17060735" lon="44.49455577"></trkpt>
<trkpt lat="40.17053340" lon="44.49463332"></trkpt>
<trkpt lat="40.17045982" lon="44.49471147"></trkpt>
<trkpt lat="40.17038661" lon="44.49479023"></trkpt>
<trkpt lat="40.17031379" lon="44.49486959"></trkpt>
<trkpt lat="40.17024135" lon="44.49494955"></trkpt>
<trkpt lat="40.17016929" lon="44.49503010"></trkpt>
<trkpt lat="40.17009762" lon="44.49511124"></trkpt>
<trkpt lat="40.17002635" lon="44.49519297"></trkpt>
<trkpt lat="40.16995546" lon="44.49527528"></trkpt>
<trkpt lat="40.16988498" lon="44.49535818"></trkpt>
<trkpt lat="40.16981489" lon="44.49544165"></trkpt>
<trkpt lat="40.16974520" lon="44.49552570"></trkpt>
<trkpt lat="40.16967592" lon="44.49561031"></trkpt>
<trkpt lat="40.16960705" lon="44.49569550"></trkpt>
<trkpt lat="40.16953859" lon="44.49578125"></trkpt>
<trkpt lat="40.16947054" lon="44.49586757"></trkpt>
<trkpt lat="40.16940290" lon="44.49595444"></trkpt>
<trkpt lat="40.16933569" lon="44.49604186"></trkpt>
<trkpt lat="40.16926889" lon="44.49612984"></trkpt>
<trkpt lat="40.16920252" lon="44.49621836"></trkpt>
<trkpt lat="40.16913657" lon="44.49630743"></trkpt>
<trkpt lat="40.16907106" lon="44.49639704"></trkpt>
<trkpt lat="40.16900597" lon="44.49648719"></trkpt>
<trkpt lat="40.16894132" lon="44.49657786"></trkpt>
<trkpt lat="40.16887711" lon="44.49666907"></trkpt>
<trkpt lat="40.16881333" lon="44.49676081"></trkpt>
<trkpt lat="40.16875000" lon="44.49685307"></trkpt>
<trkpt lat="40.16868711" lon="44.49694584"></trkpt>
<trkpt lat="40.16862467" lon="44.49703914"></trkpt>
<trkpt lat="40.16856268" lon="44.49713294"></trkpt>
<trkpt lat="40.16850113" lon="44.49722725"></trkpt>
<trkpt lat="40.16844005" lon="44.49732207"></trkpt>
<trkpt lat="40.16837941" lon="44.49741739"></trkpt>
<trkpt lat="40.16831924" lon="44.49751320"></trkpt>
<trkpt lat="40.16825953" lon="44.49760951"></trkpt>
<trkpt lat="40.16820028" lon="44.49770630"></trkpt>
<trkpt lat="40.16814150" lon="44.49780358"></trkpt>
<trkpt lat="40.16808318" lon="44.49790134"></trkpt>
<trkpt lat="40.16802534" lon="44.49799959"></trkpt>
<trkpt lat="40.16796797" lon="44.49809830"></trkpt>
<trkpt lat="40.16791107" lon="44.49819748"></trkpt>
<trkpt lat="40.16785465" lon="44.49829713"></trkpt>
<trkpt lat="40.16779871" lon="44.49839724"></trkpt>
<trkpt lat="40.16774326" lon="44.49849781"></trkpt>
<trkpt lat="40.16768828" lon="44.49859884"></trkpt>
<trkpt lat="40.16763380" lon="44.49870031"></trkpt>
<trkpt lat="40.16757980" lon="44.49880223"></trkpt>
<trkpt lat="40.16752629" lon="44.49890459"></trkpt>
<trkpt lat="40.16747327" lon="44.49900739"></trkpt>
<trkpt lat="40.16742075" lon="44.49911063"></trkpt>
<trkpt lat="40.16736872" lon="44.49921429"></trkpt>
<trkpt lat="40.16731720" lon="44.49931838"></trkpt>
<trkpt lat="40.16726617" lon="44.49942289"></trkpt>
<trkpt lat="40.16721565" lon="44.49952782"></trkpt>
<trkpt lat="40.16716563" lon="44.49963316"></trkpt>
<trkpt lat="40.16711611" lon="44.49973892"></trkpt>
<trkpt lat="40.16706711" lon="44.49984507"></trkpt>
<trkpt lat="40.16701862" lon="44.49995163"></trkpt>
<trkpt lat="40.16697064" lon="44.50005859"></trkpt>
<trkpt lat="40.16692317" lon="44.50016593"></trkpt>
<trkpt lat="40.16687622" lon="44.50027367"></trkpt>
<trkpt lat="40.16682979" lon="44.50038179"></trkpt>
<trkpt lat="40.16678388" lon="44.50049028"></trkpt>
<trkpt lat="40.16673849" lon="44.50059916"></trkpt>
<trkpt lat="40.16669362" lon="44.50070840"></trkpt>
<trkpt lat="40.16664928" lon="44.50081802"></trkpt>
<trkpt lat="40.16660547" lon="44.50092799"></trkpt>
<trkpt lat="40.16656218" lon="44.50103832"></trkpt>
<trkpt lat="40.16651943" lon="44.50114901"></trkpt>
<trkpt lat="40.16647720" lon="44.50126005"></trkpt>
<trkpt lat="40.16643551" lon="44.50137143"></trkpt>
<trkpt lat="40.16639436" lon="44.50148315"></trkpt>
<trkpt lat="40.16635374" lon="44.50159521"></trkpt>
<trkpt lat="40.16631367" lon="44.50170760"></trkpt>
<trkpt lat="40.16627413" lon="44.50182031"></trkpt>
<trkpt lat="40.16623513" lon="44.50193335"></trkpt>
<trkpt lat="40.16619668" lon="44.50204671"></trkpt>
<trkpt lat="40.16615878" lon="44.50216039"></trkpt>
<trkpt lat="40.16612141" lon="44.50227437"></trkpt>
<trkpt lat="40.16608460" lon="44.50238865"></trkpt>
<trkpt lat="40.16604834" lon="44.50250324"></trkpt>
<trkpt lat="40.16601263" lon="44.50261812"></trkpt>
<trkpt lat="40.16597747" lon="44.50273330"></trkpt>
<trkpt lat="40.16594286" lon="44.50284876"></trkpt>
<trkpt lat="40.16590881" lon="44.50296451"></trkpt>
<trkpt lat="40.16587531" lon="44.50308053"></trkpt>
<trkpt lat="40.16584237" lon="44.50319682"></trkpt>
<trkpt lat="40.16581000" lon="44.50331339"></trkpt>
<trkpt lat="40.16577818" lon="44.50343021"></trkpt>
<trkpt lat="40.16574692" lon="44.50354730"></trkpt>
<trkpt lat="40.16571623" lon="44.50366464"></trkpt>
<trkpt lat="40.16568609" lon="44.50378223"></trkpt>
<trkpt lat="40.16565653" lon="44.50390007"></trkpt>
<trkpt lat="40.16562753" lon="44.50401815"></trkpt>
<trkpt lat="40.16559910" lon="44.50413646"></trkpt>
<trkpt lat="40.16557123" lon="44.50425501"></trkpt>
<trkpt lat="40.16554394" lon="44.50437378"></trkpt>
<trkpt lat="40.16551722" lon="44.50449277"></trkpt>
<trkpt lat="40.16549107" lon="44.50461199"></trkpt>
<trkpt lat="40.16546549" lon="44.50473141"></trkpt>
<trkpt lat="40.16544048" lon="44.50485104"></trkpt>
<trkpt lat="40.16541605" lon="44.50497088"></trkpt>
<trkpt lat="40.16539220" lon="44.50509091"></trkpt>
<trkpt lat="40.16536892" lon="44.50521114"></trkpt>
<trkpt lat="40.16534622" lon="44.50533156"></trkpt>
<trkpt lat="40.16532410" lon="44.50545216"></trkpt>
<trkpt lat="40.16530256" lon="44.50557294"></trkpt>
<trkpt lat="40.16528160" lon="44.50569390"></trkpt>
<trkpt lat="40.16526122" lon="44.50581502"></trkpt>
<trkpt lat="40.16524142" lon="44.50593632"></trkpt>
<trkpt lat="40.16522220" lon="44.50605777"></trkpt>
<trkpt lat="40.16520357" lon="44.50617937"></trkpt>
<trkpt lat="40.16518552" lon="44.50630113"></trkpt>
<trkpt lat="40.16516806" lon="44.50642304"></trkpt>
<trkpt lat="40.16515118" lon="44.50654508"></trkpt>
<trkpt lat="40.16513488" lon="44.50666726"></trkpt>
<trkpt lat="40.16511918" lon="44.50678958"></trkpt>
<trkpt lat="40.16510406" lon="44.50691202"></trkpt>
<trkpt lat="40.16508953" lon="44.50703458"></trkpt>
<trkpt lat="40.16507559" lon="44.50715726"></trkpt>
<trkpt lat="40.16506224" lon="44.50728005"></trkpt>
<trkpt lat="40.16504948" lon="44.50740295"></trkpt>
<trkpt lat="40.16503731" lon="44.50752595"></trkpt>
<trkpt lat="40.16502572" lon="44.50764905"></trkpt>
<trkpt lat="40.16501473" lon="44.50777224"></trkpt>
<trkpt lat="40.16500434" lon="44.50789552"></trkpt>
<trkpt lat="40.16499453" lon="44.50801888"></trkpt>
<trkpt lat="40.16498531" lon="44.50814232"></trkpt>
<trkpt lat="40.16497669" lon="44.50826584"></trkpt>
<trkpt lat="40.16496867" lon="44.50838942"></trkpt>
<trkpt lat="40.16496123" lon="44.50851306"></trkpt>
<trkpt lat="40.16495439" lon="44.50863677"></trkpt>
<trkpt lat="40.16494814" lon="44.50876053"></trkpt>
<trkpt lat="40.16494249" lon="44.50888434"></trkpt>
<trkpt lat="40.16493743" lon="44.50900819"></trkpt>
<trkpt lat="40.16493297" lon="44.50913208"></trkpt>
<trkpt lat="40.16492910" lon="44.50925600"></trkpt>
<trkpt lat="40.16492582" lon="44.50937996"></trkpt>
<trkpt lat="40.16492315" lon="44.50950394"></trkpt>
<trkpt lat="40.16492106" lon="44.50962794"></trkpt>
<trkpt lat="40.16491957" lon="44.50975195"></trkpt>
<trkpt lat="40.16491868" lon="44.50987597"></trkpt>
<trkpt lat="40.16491838" lon="44.51000000"></trkpt>
<trkpt lat="40.16491868" lon="44.51012403"></trkpt>
<trkpt lat="40.16491957" lon="44.51024805"></trkpt>
<trkpt lat="40.16492106" lon="44.51037206"></trkpt>
<trkpt lat="40.16492315" lon="44.51049606"></trkpt>
<trkpt lat="40.16492582" lon="44.51062004"></trkpt>
<trkpt lat="40.16492910" lon="44.51074400"></trkpt>
<trkpt lat="40.16493297" lon="44.51086792"></trkpt>
<trkpt lat="40.16493743" lon="44.51099181"></trkpt>
<trkpt lat="40.16494249" lon="44.51111566"></trkpt>
<trkpt lat="40.16494814" lon="44.51123947"></trkpt>
<trkpt lat="40.16495439" lon="44.51136323"></trkpt>
<trkpt lat="40.16496123" lon="44.51148694"></trkpt>
<trkpt lat="40.16496867" lon="44.51161058"></trkpt>
<trkpt lat="40.16497669" lon="44.51173416"></trkpt>
<trkpt lat="40.16498531" lon="44.51185768"></trkpt>
<trkpt lat="40.16499453" lon="44.51198112"></trkpt>
<trkpt lat="40.16500434" lon="44.51210448"></trkpt>
<trkpt lat="40.16501473" lon="44.51222776"></trkpt>
<trkpt lat="40.16502572" lon="44.51235095"></trkpt>
<trkpt lat="40.16503731" lon="44.51247405"></trkpt>
<trkpt lat="40.16504948" lon="44.51259705"></trkpt>
<trkpt lat="40.16506224" lon="44.51271995"></trkpt>
<trkpt lat="40.16507559" lon="44.51284274"></trkpt>
<trkpt lat="40.16508953" lon="44.51296542"></trkpt>
<trkpt lat="40.16510406" lon="44.51308798"></trkpt>
<trkpt lat="40.16511918" lon="44.51321042"></trkpt>
<trkpt lat="40.16513488" lon="44.51333274"></trkpt>
<trkpt lat="40.16515118" lon="44.51345492"></trkpt>
<trkpt lat="40.16516806" lon="44.51357696"></trkpt>
<trkpt lat="40.16518552" lon="44.51369887"></trkpt>
<trkpt lat="40.16520357" lon="44.51382063"></trkpt>
<trkpt lat="40.16522220" lon="44.51394223"></trkpt>
<trkpt lat="40.16524142" lon="44.51406368"></trkpt>
<trkpt lat="40.16526122" lon="44.51418498"></trkpt>
<trkpt lat="40.16528160" lon="44.51430610"></trkpt>
<trkpt lat="40.16530256" lon="44.51442706"></trkpt>
<trkpt lat="40.16532410" lon="44.51454784"></trkpt>
<trkpt lat="40.16534622" lon="44.51466844"></trkpt>
<trkpt lat="40.16536892" lon="44.51478886"></trkpt>
<trkpt lat="40.16539220" lon="44.51490909"></trkpt>
<trkpt lat="40.16541605" lon="44.51502912"></trkpt>
<trkpt lat="40.16544048" lon="44.51514896"></trkpt>
<trkpt lat="40.16546549" lon="44.51526859"></trkpt>
<trkpt lat="40.16549107" lon="44.51538801"></trkpt>
<trkpt lat="40.16551722" lon="44.51550723"></trkpt>
<trkpt lat="40.16554394" lon="44.51562622"></trkpt>
<trkpt lat="40.16557123" lon="44.51574499"></trkpt>
<trkpt lat="40.16559910" lon="44.51586354"></trkpt>
<trkpt lat="40.16562753" lon="44.51598185"></trkpt>
<trkpt lat="40.16565653" lon="44.51609993"></trkpt>
<trkpt lat="40.16568609" lon="44.51621777"></trkpt>
<trkpt lat="40.16571623" lon="44.51633536"></trkpt>
<trkpt lat="40.16574692" lon="44.51645270"></trkpt>
<trkpt lat="40.16577818" lon="44.51656979"></trkpt>
<trkpt lat="40.16581000" lon="44.51668661"></trkpt>
<trkpt lat="40.16584237" lon="44.51680318"></trkpt>
<trkpt lat="40.16587531" lon="44.51691947"></trkpt>
<trkpt lat="40.16590881" lon="44.51703549"></trkpt>
<trkpt lat="40.16594286" lon="44.51715124"></trkpt>
<trkpt lat="40.16597747" lon="44.51726670"></trkpt>
<trkpt lat="40.16601263" lon="44.51738188"></trkpt>
<trkpt lat="40.16604834" lon="44.51749676"></trkpt>
<trkpt lat="40.16608460" lon="44.51761135"></trkpt>
<trkpt lat="40.16612141" lon="44.51772563"></trkpt>
<trkpt lat="40.16615878" lon="44.51783961"></trkpt>
<trkpt lat="40.16619668" lon="44.51795329"></trkpt>
<trkpt lat="40.16623513" lon="44.51806665"></trkpt>
<trkpt lat="40.16627413" lon="44.51817969"></trkpt>
<trkpt lat="40.16631367" lon="44.51829240"></trkpt>
<trkpt lat="40.16635374" lon="44.51840479"></trkpt>
<trkpt lat="40.16639436" lon="44.51851685"></trkpt>
<trkpt lat="40.16643551" lon="44.51862857"></trkpt>
<trkpt lat="40.16647720" lon="44.51873995"></trkpt>
<trkpt lat="40.16651943" lon="44.51885099"></trkpt>
<trkpt lat="40.16656218" lon="44.51896168"></trkpt>
<trkpt lat="40.16660547" lon="44.51907201"></trkpt>
<trkpt lat="40.16664928" lon="44.51918198"></trkpt>
<trkpt lat="40.16669362" lon="44.51929160"></trkpt>
<trkpt lat="40.16673849" lon="44.51940084"></trkpt>
<trkpt lat="40.16678388" lon="44.51950972"></trkpt>
<trkpt lat="40.16682979" lon="44.51961821"></trkpt>
<trkpt lat="40.16687622" lon="44.51972633"></trkpt>
<trkpt lat="40.16692317" lon="44.51983407"></trkpt>
<trkpt lat="40.16697064" lon="44.51994141"></trkpt>
<trkpt lat="40.16701862" lon="44.52004837"></trkpt>
<trkpt lat="40.16706711" lon="44.52015493"></trkpt>
<trkpt lat="40.16711611" lon="44.52026108"></trkpt>
<trkpt lat="40.16716563" lon="44.52036684"></trkpt>
<trkpt lat="40.16721565" lon="44.52047218"></trkpt>
<trkpt lat="40.16726617" lon="44.52057711"></trkpt>
<trkpt lat="40.16731720" lon="44.52068162"></trkpt>
<trkpt lat="40.16736872" lon="44.52078571"></trkpt>
<trkpt lat="40.16742075" lon="44.52088937"></trkpt>
<trkpt lat="40.16747327" lon="44.52099261"></trkpt>
<trkpt lat="40.16752629" lon="44.52109541"></trkpt>
<trkpt lat="40.16757980" lon="44.52119777"></trkpt>
<trkpt lat="40.16763380" lon="44.52129969"></trkpt>
<trkpt lat="40.16768828" lon="44.52140116"></trkpt>
<trkpt lat="40.16774326" lon="44.52150219"></trkpt>
<trkpt lat="40.16779871" lon="44.52160276"></trkpt>
<trkpt lat="40.16785465" lon="44.52170287"></trkpt>
<trkpt lat="40.16791107" lon="44.52180252"></trkpt>
<trkpt lat="40.16796797" lon="44.52190170"></trkpt>
<trkpt lat="40.16802534" lon="44.52200041"></trkpt>
<trkpt lat="40.16808318" lon="44.52209866"></trkpt>
<trkpt lat="40.16814150" lon="44.52219642"></trkpt>
<trkpt lat="40.16820028" lon="44.52229370"></trkpt>
<trkpt lat="40.16825953" lon="44.52239049"></trkpt>
<trkpt lat="40.16831924" lon="44.52248680"></trkpt>
<trkpt lat="40.16837941" lon="44.52258261"></trkpt>
<trkpt lat="40.16844005" lon="44.52267793"></trkpt>
<trkpt lat="40.16850113" lon="44.52277275"></trkpt>
<trkpt lat="40.16856268" lon="44.52286706"></trkpt>
<trkpt lat="40.16862467" lon="44.52296086"></trkpt>
<trkpt lat="40.16868711" lon="44.52305416"></trkpt>
<trkpt lat="40.16875000" lon="44.52314693"></trkpt>
<trkpt lat="40.16881333" lon="44.52323919"></trkpt>
<trkpt lat="40.16887711" lon="44.52333093"></trkpt>
<trkpt lat="40.16894132" lon="44.52342214"></trkpt>
<trkpt lat="40.16900597" lon="44.52351281"></trkpt>
<trkpt lat="40.16907106" lon="44.52360296"></trkpt>
<trkpt lat="40.16913657" lon="44.52369257"></trkpt>
<trkpt lat="40.16920252" lon="44.52378164"></trkpt>
<trkpt lat="40.16926889" lon="44.52387016"></trkpt>
<trkpt lat="40.16933569" lon="44.52395814"></trkpt>
<trkpt lat="40.16940290" lon="44.52404556"></trkpt>
<trkpt lat="40.16947054" lon="44.52413243"></trkpt>
<trkpt lat="40.16953859" lon="44.52421875"></trkpt>
<trkpt lat="40.16960705" lon="44.52430450"></trkpt>
<trkpt lat="40.16967592" lon="44.52438969"></trkpt>
<trkpt lat="40.16974520" lon="44.52447430"></trkpt>
<trkpt lat="40.16981489" lon="44.52455835"></trkpt>
<trkpt lat="40.16988498" lon="44.52464182"></trkpt>
<trkpt lat="40.16995546" lon="44.52472472"></trkpt>
<trkpt lat="40.17002635" lon="44.52480703"></trkpt>
<trkpt lat="40.17009762" lon="44.52488876"></trkpt>
<trkpt lat="40.17016929" lon="44.52496990"></trkpt>
<trkpt lat="40.17024135" lon="44.52505045"></trkpt>
<trkpt lat="40.17031379" lon="44.52513041"></trkpt>
<trkpt lat="40.17038661" lon="44.52520977"></trkpt>
<trkpt lat="40.17045982" lon="44.52528853"></trkpt>
<trkpt lat="40.17053340" lon="44.52536668"></trkpt>
<trkpt lat="40.17060735" lon="44.52544423"></trkpt>
<trkpt lat="40.17068168" lon="44.52552117"></trkpt>
<trkpt lat="40.17075637" lon="44.52559749"></trkpt>
<trkpt lat="40.17083143" lon="44.52567320"></trkpt>
<trkpt lat="40.17090685" lon="44.52574829"></trkpt>
<trkpt lat="40.17098263" lon="44.52582276"></trkpt>
<trkpt lat="40.17105876" lon="44.52589661"></trkpt>
<trkpt lat="40.17113525" lon="44.52596982"></trkpt>
<trkpt lat="40.17121208" lon="44.52604241"></trkpt>
<trkpt lat="40.17128927" lon="44.52611436"></trkpt>
<trkpt lat="40.17136680" lon="44.52618568"></trkpt>
<trkpt lat="40.17144467" lon="44.52625636"></trkpt>
<trkpt lat="40.17152287" lon="44.52632639"></trkpt>
<trkpt lat="40.17160141" lon="44.52639579"></trkpt>
<trkpt lat="40.17168029" lon="44.52646453"></trkpt>
<trkpt lat="40.17175949" lon="44.52653263"></trkpt>
<trkpt lat="40.17183902" lon="44.52660007"></trkpt>
<trkpt lat="40.17191887" lon="44.52666685"></trkpt>
<trkpt lat="40.17199903" lon="44.52673298"></trkpt>
<trkpt lat="40.17207952" lon="44.52679845"></trkpt>
<trkpt lat="40.17216031" lon="44.52686325"></trkpt>
<trkpt lat="40.17224142" lon="44.52692739"></trkpt>
<trkpt lat="40.17232283" lon="44.52699086"></trkpt>
<trkpt lat="40.17240455" lon="44.52705366"></trkpt>
<trkpt lat="40.17248656" lon="44.52711579"></trkpt>
<trkpt lat="40.17256887" lon="44.52717724"></trkpt>
<trkpt lat="40.17265148" lon="44.52723802"></trkpt>
<trkpt lat="40.17273438" lon="44.52729811"></trkpt>
<trkpt lat="40.17281756" lon="44.52735752"></trkpt>
<trkpt lat="40.17290102" lon="44.52741624"></trkpt>
<trkpt lat="40.17298477" lon="44.52747428"></trkpt>
<trkpt lat="40.17306879" lon="44.52753162"></trkpt>
<trkpt lat="40.17315309" lon="44.52758828"></trkpt>
<trkpt lat="40.17323766" lon="44.52764424"></trkpt>
<trkpt lat="40.17332249" lon="44.52769950"></trkpt>
<trkpt lat="40.17340759" lon="44.52775407"></trkpt>
<trkpt lat="40.17349294" lon="44.52780793"></trkpt>
<trkpt lat="40.17357856" lon="44.52786109"></trkpt>
<trkpt lat="40.17366443" lon="44.52791355"></trkpt>
<trkpt lat="40.17375055" lon="44.52796530"></trkpt>
<trkpt lat="40.17383691" lon="44.52801634"></trkpt>
<trkpt lat="40.17392352" lon="44.52806667"></trkpt>
<trkpt lat="40.17401037" lon="44.52811628"></trkpt>
<trkpt lat="40.17409745" lon="44.52816518"></trkpt>
<trkpt lat="40.17418477" lon="44.52821336"></trkpt>
<trkpt lat="40.17427232" lon="44.52826083"></trkpt>
<trkpt lat="40.17436009" lon="44.52830757"></trkpt>
<trkpt lat="40.17444809" lon="44.52835359"></trkpt>
<trkpt lat="40.17453630" lon="44.52839889"></trkpt>
<trkpt lat="40.17462473" lon="44.52844345"></trkpt>
<trkpt lat="40.17471338" lon="44.52848730"></trkpt>
<trkpt lat="40.17480223" lon="44.52853041"></trkpt>
<trkpt lat="40.17489128" lon="44.52857279"></trkpt>
<trkpt lat="40.17498054" lon="44.52861443"></trkpt>
<trkpt lat="40.17507000" lon="44.52865534"></trkpt>
<trkpt lat="40.17515965" lon="44.52869552"></trkpt>
<trkpt lat="40.17524949" lon="44.52873496"></trkpt>
<trkpt lat="40.17533952" lon="44.52877365"></trkpt>
<trkpt lat="40.17542974" lon="44.52881161"></trkpt>
<trkpt lat="40.17552013" lon="44.52884882"></trkpt>
<trkpt lat="40.17561070" lon="44.52888529"></trkpt>
<trkpt lat="40.17570145" lon="44.52892102"></trkpt>
<trkpt lat="40.17579236" lon="44.52895599"></trkpt>
<trkpt lat="40.17588344" lon="44.52899022"></trkpt>
<trkpt lat="40.17597469" lon="44.52902370"></trkpt>
<trkpt lat="40.17606609" lon="44.52905643"></trkpt>
<trkpt lat="40.17615765" lon="44.52908840"></trkpt>
<trkpt lat="40.17624935" lon="44.52911963"></trkpt>
<trkpt lat="40.17634121" lon="44.52915009"></trkpt>
<trkpt lat="40.17643321" lon="44.52917980"></trkpt>
<trkpt lat="40.17652535" lon="44.52920876"></trkpt>
<trkpt lat="40.17661763" lon="44.52923695"></trkpt>
<trkpt lat="40.17671005" lon="44.52926439"></trkpt>
<trkpt lat="40.17680259" lon="44.52929107"></trkpt>
<trkpt lat="40.17689526" lon="44.52931698"></trkpt>
<trkpt lat="40.17698805" lon="44.52934213"></trkpt>
<trkpt lat="40.17708096" lon="44.52936652"></trkpt>
<trkpt lat="40.17717399" lon="44.52939014"></trkpt>
<trkpt lat="40.17726712" lon="44.52941300"></trkpt>
<trkpt lat="40.17736037" lon="44.52943509"></trkpt>
<trkpt lat="40.17745372" lon="44.52945641"></trkpt>
<trkpt lat="40.17754717" lon="44.52947697"></trkpt>
<trkpt lat="40.17764072" lon="44.52949676"></trkpt>
<trkpt lat="40.17773436" lon="44.52951578"></trkpt>
<trkpt lat="40.17782808" lon="44.52953402"></trkpt>
<trkpt lat="40.17792190" lon="44.52955150"></trkpt>
<trkpt lat="40.17801580" lon="44.52956820"></trkpt>
<trkpt lat="40.17810977" lon="44.52958413"></trkpt>
<trkpt lat="40.17820382" lon="44.52959929"></trkpt>
<trkpt lat="40.17829794" lon="44.52961368"></trkpt>
<trkpt lat="40.17839213" lon="44.52962729"></trkpt>
<trkpt lat="40.17848638" lon="44.52964012"></trkpt>
<trkpt lat="40.17858069" lon="44.52965218"></trkpt>
<trkpt lat="40.17867506" lon="44.52966347"></trkpt>
<trkpt lat="40.17876948" lon="44.52967397"></trkpt>
<trkpt lat="40.17886395" lon="44.52968370"></trkpt>
<trkpt lat="40.17895846" lon="44.52969266"></trkpt>
<trkpt lat="40.17905302" lon="44.52970084"></trkpt>
<trkpt lat="40.17914761" lon="44.52970823"></trkpt>
<trkpt lat="40.17924223" lon="44.52971486"></trkpt>
<trkpt lat="40.17933689" lon="44.52972070"></trkpt>
<trkpt lat="40.17943157" lon="44.52972576"></trkpt>
<trkpt lat="40.17952627" lon="44.52973005"></trkpt>
<trkpt lat="40.17962100" lon="44.52973355"></trkpt>
<trkpt lat="40.17971574" lon="44.52973628"></trkpt>
<trkpt lat="40.17981048" lon="44.52973823"></trkpt>
<trkpt lat="40.17990524" lon="44.52973940"></trkpt>
<trkpt lat="40.18000000" lon="44.52973979"></trkpt>
<trkpt lat="40.18009476" lon="44.52973940"></trkpt>
<trkpt lat="40.18018952" lon="44.52973823"></trkpt>
<trkpt lat="40.18028426" lon="44.52973628"></trkpt>
<trkpt lat="40.18037900" lon="44.52973355"></trkpt>
<trkpt lat="40.18047373" lon="44.52973005"></trkpt>
<trkpt lat="40.18056843" lon="44.52972576"></trkpt>
<trkpt lat="40.18066311" lon="44.52972070"></trkpt>
<trkpt lat="40.18075777" lon="44.52971486"></trkpt>
<trkpt lat="40.18085239" lon="44.52970823"></trkpt>
<trkpt lat="40.18094698" lon="44.52970084"></trkpt>
<trkpt lat="40.18104154" lon="44.52969266"></trkpt>
<trkpt lat="40.18113605" lon="44.52968370"></trkpt>
<trkpt lat="40.18123052" lon="44.52967397"></trkpt>
<trkpt lat="40.18132494" lon="44.52966347"></trkpt>
<trkpt lat="40.18141931" lon="44.52965218"></trkpt>
<trkpt lat="40.18151362" lon="44.52964012"></trkpt>
<trkpt lat="40.18160787" lon="44.52962729"></trkpt>
<trkpt lat="40.18170206" lon="44.52961368"></trkpt>
<trkpt lat="40.18179618" lon="44.52959929"></trkpt>
<trkpt lat="40.18189023" lon="44.52958413"></trkpt>
<trkpt lat="40.18198420" lon="44.52956820"></trkpt>
<trkpt lat="40.18207810" lon="44.52955150"></trkpt>
<trkpt lat="40.18217192" lon="44.52953402"></trkpt>
<trkpt lat="40.18226564" lon="44.52951578"></trkpt>
<trkpt lat="40.18235928" lon="44.52949676"></trkpt>
<trkpt lat="40.18245283" lon="44.52947697"></trkpt>
<trkpt lat="40.18254628" lon="44.52945641"></trkpt>
<trkpt lat="40.18263963" lon="44.52943509"></trkpt>
<trkpt lat="40.18273288" lon="44.52941300"></trkpt>
<trkpt lat="40.18282601" lon="44.52939014"></trkpt>
<trkpt lat="40.18291904" lon="44.52936652"></trkpt>
<trkpt lat="40.18301195" lon="44.52934213"></trkpt>
<trkpt lat="40.18310474" lon="44.52931698"></trkpt>
<trkpt lat="40.18319741" lon="44.52929107"></trkpt>
<trkpt lat="40.18328995" lon="44.52926439"></trkpt>
<trkpt lat="40.18338237" lon="44.52923695"></trkpt>
<trkpt lat="40.18347465" lon="44.52920876"></trkpt>
<trkpt lat="40.18356679" lon="44.52917980"></trkpt>
<trkpt lat="40.18365879" lon="44.52915009"></trkpt>
<trkpt lat="40.18375065" lon="44.52911963"></trkpt>
<trkpt lat="40.18384235" lon="44.52908840"></trkpt>
<trkpt lat="40.18393391" lon="44.52905643"></trkpt>
<trkpt lat="40.18402531" lon="44.52902370"></trkpt>
<trkpt lat="40.18411656" lon="44.52899022"></trkpt>
<trkpt lat="40.18420764" lon="44.52895599"></trkpt>
<trkpt lat="40.18429855" lon="44.52892102"></trkpt>
<trkpt lat="40.18438930" lon="44.52888529"></trkpt>
<trkpt lat="40.18447987" lon="44.52884882"></trkpt>
<trkpt lat="40.18457026" lon="44.52881161"></trkpt>
<trkpt lat="40.18466048" lon="44.52877365"></trkpt>
<trkpt lat="40.18475051" lon="44.52873496"></trkpt>
<trkpt lat="40.18484035" lon="44.52869552"></trkpt>
<trkpt lat="40.18493000" lon="44.52865534"></trkpt>
<trkpt lat="40.18501946" lon="44.52861443"></trkpt>
<trkpt lat="40.18510872" lon="44.52857279"></trkpt>
<trkpt lat="40.18519777" lon="44.52853041"></trkpt>
<trkpt lat="40.18528662" lon="44.52848730"></trkpt>
<trkpt lat="40.18537527" lon="44.52844345"></trkpt>
<trkpt lat="40.18546370" lon="44.52839889"></trkpt>
<trkpt lat="40.18555191" lon="44.52835359"></trkpt>
<trkpt lat="40.18563991" lon="44.52830757"></trkpt>
<trkpt lat="40.18572768" lon="44.52826083"></trkpt>
<trkpt lat="40.18581523" lon="44.52821336"></trkpt>
<trkpt lat="40.18590255" lon="44.52816518"></trkpt>
<trkpt lat="40.18598963" lon="44.52811628"></trkpt>
<trkpt lat="40.18607648" lon="44.52806667"></trkpt>
<trkpt lat="40.18616309" lon="44.52801634"></trkpt>
<trkpt lat="40.18624945" lon="44.52796530"></trkpt>
<trkpt lat="40.18633557" lon="44.52791355"></trkpt>
<trkpt lat="40.18642144" lon="44.52786109"></trkpt>
<trkpt lat="40.18650706" lon="44.52780793"></trkpt>
<trkpt lat="40.18659241" lon="44.52775407"></trkpt>
<trkpt lat="40.18667751" lon="44.52769950"></trkpt>
<trkpt lat="40.18676234" lon="44.52764424"></trkpt>
<trkpt lat="40.18684691" lon="44.52758828"></trkpt>
<trkpt lat="40.18693121" lon="44.52753162"></trkpt>
<trkpt lat="40.18701523" lon="44.52747428"></trkpt>
<trkpt lat="40.18709898" lon="44.52741624"></trkpt>
<trkpt lat="40.18718244" lon="44.52735752"></trkpt>
<trkpt lat="40.18726562" lon="44.52729811"></trkpt>
<trkpt lat="40.18734852" lon="44.52723802"></trkpt>
<trkpt lat="40.18743113" lon="44.52717724"></trkpt>
<trkpt lat="40.18751344" lon="44.52711579"></trkpt>
<trkpt lat="40.18759545" lon="44.52705366"></trkpt>
<trkpt lat="40.18767717" lon="44.52699086"></trkpt>
<trkpt lat="40.18775858" lon="44.52692739"></trkpt>
<trkpt lat="40.18783969" lon="44.52686325"></trkpt>
<trkpt lat="40.18792048" lon="44.52679845"></trkpt>
<trkpt lat="40.18800097" lon="44.52673298"></trkpt>
<trkpt lat="40.18808113" lon="44.52666685"></trkpt>
<trkpt lat="40.18816098" lon="44.52660007"></trkpt>
<trkpt lat="40.18824051" lon="44.52653263"></trkpt>
<trkpt lat="40.18831971" lon="44.52646453"></trkpt>
<trkpt lat="40.18839859" lon="44.52639579"></trkpt>
<trkpt lat="40.18847713" lon="44.52632639"></trkpt>
<trkpt lat="40.18855533" lon="44.52625636"></trkpt>
<trkpt lat="40.18863320" lon="44.52618568"></trkpt>
<trkpt lat="40.18871073" lon="44.52611436"></trkpt>
<trkpt lat="40.18878792" lon="44.52604241"></trkpt>
<trkpt lat="40.18886475" lon="44.52596982"></trkpt>
<trkpt lat="40.18894124" lon="44.52589661"></trkpt>
<trkpt lat="40.18901737" lon="44.52582276"></trkpt>
<trkpt lat="40.18909315" lon="44.52574829"></trkpt>
<trkpt lat="40.18916857" lon="44.52567320"></trkpt>
<trkpt lat="40.18924363" lon="44.52559749"></trkpt>
<trkpt lat="40.18931832" lon="44.52552117"></trkpt>
<trkpt lat="40.18939265" lon="44.52544423"></trkpt>
<trkpt lat="40.18946660" lon="44.52536668"></trkpt>
<trkpt lat="40.18954018" lon="44.52528853"></trkpt>
<trkpt lat="40.18961339" lon="44.52520977"></trkpt>
<trkpt lat="40.18968621" lon="44.52513041"></trkpt>
<trkpt lat="40.18975865" lon="44.52505045"></trkpt>
<trkpt lat="40.18983071" lon="44.52496990"></trkpt>
<trkpt lat="40.18990238" lon="44.52488876"></trkpt>
<trkpt lat="40.18997365" lon="44.52480703"></trkpt>
<trkpt lat="40.19004454" lon="44.52472472"></trkpt>
<trkpt lat="40.19011502" lon="44.52464182"></trkpt>
<trkpt lat="40.19018511" lon="44.52455835"></trkpt>
<trkpt lat="40.19025480" lon="44.52447430"></trkpt>
<trkpt lat="40.19032408" lon="44.52438969"></trkpt>
<trkpt lat="40.19039295" lon="44.52430450"></trkpt>
<trkpt lat="40.19046141" lon="44.52421875"></trkpt>
<trkpt lat="40.19052946" lon="44.52413243"></trkpt>
<trkpt lat="40.19059710" lon="44.52404556"></trkpt>
<trkpt lat="40.19066431" lon="44.52395814"></trkpt>
<trkpt lat="40.19073111" lon="44.52387016"></trkpt>
<trkpt lat="40.19079748" lon="44.52378164"></trkpt>
<trkpt lat="40.19086343" lon="44.52369257"></trkpt>
<trkpt lat="40.19092894" lon="44.52360296"></trkpt>
<trkpt lat="40.19099403" lon="44.52351281"></trkpt>
<trkpt lat="40.19105868" lon="44.52342214"></trkpt>
<trkpt lat="40.19112289" lon="44.52333093"></trkpt>
<trkpt lat="40.19118667" lon="44.52323919"></trkpt>
<trkpt lat="40.19125000" lon="44.52314693"></trkpt>
<trkpt lat="40.19131289" lon="44.52305416"></trkpt>
<trkpt lat="40.19137533" lon="44.52296086"></trkpt>
<trkpt lat="40.19143732" lon="44.52286706"></trkpt>
<trkpt lat="40.19149887" lon="44.52277275"></trkpt>
<trkpt lat="40.19155995" lon="44.52267793"></trkpt>
<trkpt lat="40.19162059" lon="44.52258261"></trkpt>
<trkpt lat="40.19168076" lon="44.52248680"></trkpt>
<trkpt lat="40.19174047" lon="44.52239049"></trkpt>
<trkpt lat="40.19179972" lon="44.52229370"></trkpt>
<trkpt lat="40.19185850" lon="44.52219642"></trkpt>
<trkpt lat="40.19191682" lon="44.52209866"></trkpt>
<trkpt lat="40.19197466" lon="44.52200041"></trkpt>
<trkpt lat="40.19203203" lon="44.52190170"></trkpt>
<trkpt lat="40.19208893" lon="44.52180252"></trkpt>
<trkpt lat="40.19214535" lon="44.52170287"></trkpt>
<trkpt lat="40.19220129" lon="44.52160276"></trkpt>
<trkpt lat="40.19225674" lon="44.52150219"></trkpt>
<trkpt lat="40.19231172" lon="44.52140116"></trkpt>
<trkpt lat="40.19236620" lon="44.52129969"></trkpt>
<trkpt lat="40.19242020" lon="44.52119777"></trkpt>
<trkpt lat="40.19247371" lon="44.52109541"></trkpt>
<trkpt lat="40.19252673" lon="44.52099261"></trkpt>
<trkpt lat="40.19257925" lon="44.52088937"></trkpt>
<trkpt lat="40.19263128" lon="44.52078571"></trkpt>
<trkpt lat="40.19268280" lon="44.52068162"></trkpt>
<trkpt lat="40.19273383" lon="44.52057711"></trkpt>
<trkpt lat="40.19278435" lon="44.52047218"></trkpt>
<trkpt lat="40.19283437" lon="44.52036684"></trkpt>
<trkpt lat="40.19288389" lon="44.52026108"></trkpt>
<trkpt lat="40.19293289" lon="44.52015493"></trkpt>
<trkpt lat="40.19298138" lon="44.52004837"></trkpt>
<trkpt lat="40.19302936" lon="44.51994141"></trkpt>
<trkpt lat="40.19307683" lon="44.51983407"></trkpt>
<trkpt lat="40.19312378" lon="44.51972633"></trkpt>
<trkpt lat="40.19317021" lon="44.51961821"></trkpt>
<trkpt lat="40.19321612" lon="44.51950972"></trkpt>
<trkpt lat="40.19326151" lon="44.51940084"></trkpt>
<trkpt lat="40.19330638" lon="44.51929160"></trkpt>
<trkpt lat="40.19335072" lon="44.51918198"></trkpt>
<trkpt lat="40.19339453" lon="44.51907201"></trkpt>
<trkpt lat="40.19343782" lon="44.51896168"></trkpt>
<trkpt lat="40.19348057" lon="44.51885099"></trkpt>
<trkpt lat="40.19352280" lon="44.51873995"></trkpt>
<trkpt lat="40.19356449" lon="44.51862857"></trkpt>
<trkpt lat="40.19360564" lon="44.51851685"></trkpt>
<trkpt lat="40.19364626" lon="44.51840479"></trkpt>
<trkpt lat="40.19368633" lon="44.51829240"></trkpt>
<trkpt lat="40.19372587" lon="44.51817969"></trkpt>
<trkpt lat="40.19376487" lon="44.51806665"></trkpt>
<trkpt lat="40.19380332" lon="44.51795329"></trkpt>
<trkpt lat="40.19384122" lon="44.51783961"></trkpt>
<trkpt lat="40.19387859" lon="44.51772563"></trkpt>
<trkpt lat="40.19391540" lon="44.51761135"></trkpt>
<trkpt lat="40.19395166" lon="44.51749676"></trkpt>
<trkpt lat="40.19398737" lon="44.51738188"></trkpt>
<trkpt lat="40.19402253" lon="44.51726670"></trkpt>
<trkpt lat="40.19405714" lon="44.51715124"></trkpt>
<trkpt lat="40.19409119" lon="44.51703549"></trkpt>
<trkpt lat="40.19412469" lon="44.51691947"></trkpt>
<trkpt lat="40.19415763" lon="44.51680318"></trkpt>
<trkpt lat="40.19419000" lon="44.51668661"></trkpt>
<trkpt lat="40.19422182" lon="44.51656979"></trkpt>
<trkpt lat="40.19425308" lon="44.51645270"></trkpt>
<trkpt lat="40.19428377" lon="44.51633536"></trkpt>
<trkpt lat="40.19431391" lon="44.51621777"></trkpt>
<trkpt lat="40.19434347" lon="44.51609993"></trkpt>
<trkpt lat="40.19437247" lon="44.51598185"></trkpt>
<trkpt lat="40.19440090" lon="44.51586354"></trkpt>
<trkpt lat="40.19442877" lon="44.51574499"></trkpt>
<trkpt lat="40.19445606" lon="44.51562622"></trkpt>
<trkpt lat="40.19448278" lon="44.51550723"></trkpt>
<trkpt lat="40.19450893" lon="44.51538801"></trkpt>
<trkpt lat="40.19453451" lon="44.51526859"></trkpt>
<trkpt lat="40.19455952" lon="44.51514896"></trkpt>
<trkpt lat="40.19458395" lon="44.51502912"></trkpt>
<trkpt lat="40.19460780" lon="44.51490909"></trkpt>
<trkpt lat="40.19463108" lon="44.51478886"></trkpt>
<trkpt lat="40.19465378" lon="44.51466844"></trkpt>
<trkpt lat="40.19467590" lon="44.51454784"></trkpt>
<trkpt lat="40.19469744" lon="44.51442706"></trkpt>
<trkpt lat="40.19471840" lon="44.51430610"></trkpt>
<trkpt lat="40.19473878" lon="44.51418498"></trkpt>
<trkpt lat="40.19475858" lon="44.51406368"></trkpt>
<trkpt lat="40.19477780" lon="44.51394223"></trkpt>
<trkpt lat="40.19479643" lon="44.51382063"></trkpt>
<trkpt lat="40.19481448" lon="44.51369887"></trkpt>
<trkpt lat="40.19483194" lon="44.51357696"></trkpt>
<trkpt lat="40.19484882" lon="44.51345492"></trkpt>
<trkpt lat="40.19486512" lon="44.51333274"></trkpt>
<trkpt lat="40.19488082" lon="44.51321042"></trkpt>
<trkpt lat="40.19489594" lon="44.51308798"></trkpt>
<trkpt lat="40.19491047" lon="44.51296542"></trkpt>
<trkpt lat="40.19492441" lon="44.51284274"></trkpt>
<trkpt lat="40.19493776" lon="44.51271995"></trkpt>
<trkpt lat="40.19495052" lon="44.51259705"></trkpt>
<trkpt lat="40.19496269" lon="44.51247405"></trkpt>
<trkpt lat="40.19497428" lon="44.51235095"></trkpt>
<trkpt lat="40.19498527" lon="44.51222776"></trkpt>
<trkpt lat="40.19499566" lon="44.51210448"></trkpt>
<trkpt lat="40.19500547" lon="44.51198112"></trkpt>
<trkpt lat="40.19501469" lon="44.51185768"></trkpt>
<trkpt lat="40.19502331" lon="44.51173416"></trkpt>
<trkpt lat="40.19503133" lon="44.51161058"></trkpt>
<trkpt lat="40.19503877" lon="44.51148694"></trkpt>
<trkpt lat="40.19504561" lon="44.51136323"></trkpt>
<trkpt lat="40.19505186" lon="44.51123947"></trkpt>
<trkpt lat="40.19505751" lon="44.51111566"></trkpt>
<trkpt lat="40.19506257" lon="44.51099181"></trkpt>
<trkpt lat="40.19506703" lon="44.51086792"></trkpt>
<trkpt lat="40.19507090" lon="44.51074400"></trkpt>
<trkpt lat="40.19507418" lon="44.51062004"></trkpt>
<trkpt lat="40.19507685" lon="44.51049606"></trkpt>
<trkpt lat="40.19507894" lon="44.51037206"></trkpt>
<trkpt lat="40.19508043" lon="44.51024805"></trkpt>
<trkpt lat="40.19508132" lon="44.51012403"></trkpt>
<trkpt lat="40.19508162" lon="44.51000000"></trkpt>
<trkpt lat="40.19508132" lon="44.50987597"></trkpt>
<trkpt lat="40.19508043" lon="44.50975195"></trkpt>
<trkpt lat="40.19507894" lon="44.50962794"></trkpt>
<trkpt lat="40.19507685" lon="44.50950394"></trkpt>
<trkpt lat="40.19507418" lon="44.50937996"></trkpt>
<trkpt lat="40.19507090" lon="44.50925600"></trkpt>
<trkpt lat="40.19506703" lon="44.50913208"></trkpt>
<trkpt lat="40.19506257" lon="44.50900819"></trkpt>
<trkpt lat="40.19505751" lon="44.50888434"></trkpt>
<trkpt lat="40.19505186" lon="44.50876053"></trkpt>
<trkpt lat="40.19504561" lon="44.50863677"></trkpt>
<trkpt lat="40.19503877" lon="44.50851306"></trkpt>
<trkpt lat="40.19503133" lon="44.50838942"></trkpt>
<trkpt lat="40.19502331" lon="44.50826584"></trkpt>
<trkpt lat="40.19501469" lon="44.50814232"></trkpt>
<trkpt lat="40.19500547" lon="44.50801888"></trkpt>
<trkpt lat="40.19499566" lon="44.50789552"></trkpt>
<trkpt lat="40.19498527" lon="44.50777224"></trkpt>
<trkpt lat="40.19497428" lon="44.50764905"></trkpt>
<trkpt lat="40.19496269" lon="44.50752595"></trkpt>
<trkpt lat="40.19495052" lon="44.50740295"></trkpt>
<trkpt lat="40.19493776" lon="44.50728005"></trkpt>
<trkpt lat="40.19492441" lon="44.50715726"></trkpt>
<trkpt lat="40.19491047" lon="44.50703458"></trkpt>
<trkpt lat="40.19489594" lon="44.50691202"></trkpt>
<trkpt lat="40.19488082" lon="44.50678958"></trkpt>
<trkpt lat="40.19486512" lon="44.50666726"></trkpt>
<trkpt lat="40.19484882" lon="44.50654508"></trkpt>
<trkpt lat="40.19483194" lon="44.50642304"></trkpt>
<trkpt lat="40.19481448" lon="44.50630113"></trkpt>
<trkpt lat="40.19479643" lon="44.50617937"></trkpt>
<trkpt lat="40.19477780" lon="44.50605777"></trkpt>
<trkpt lat="40.19475858" lon="44.50593632"></trkpt>
<trkpt lat="40.19473878" lon="44.50581502"></trkpt>
<trkpt lat="40.19471840" lon="44.50569390"></trkpt>
<trkpt lat="40.19469744" lon="44.50557294"></trkpt>
<trkpt lat="40.19467590" lon="44.50545216"></trkpt>
<trkpt lat="40.19465378" lon="44.50533156"></trkpt>
<trkpt lat="40.19463108" lon="44.50521114"></trkpt>
<trkpt lat="40.19460780" lon="44.50509091"></trkpt>
<trkpt lat="40.19458395" lon="44.50497088"></trkpt>
<trkpt lat="40.19455952" lon="44.50485104"></trkpt>
<trkpt lat="40.19453451" lon="44.50473141"></trkpt>
<trkpt lat="40.19450893" lon="44.50461199"></trkpt>
<trkpt lat="40.19448278" lon="44.50449277"></trkpt>
<trkpt lat="40.19445606" lon="44.50437378"></trkpt>
<trkpt lat="40.19442877" lon="44.50425501"></trkpt>
<trkpt lat="40.19440090" lon="44.50413646"></trkpt>
<trkpt lat="40.19437247" lon="44.50401815"></trkpt>
<trkpt lat="40.19434347" lon="44.50390007"></trkpt>
<trkpt lat="40.19431391" lon="44.50378223"></trkpt>
<trkpt lat="40.19428377" lon="44.50366464"></trkpt>
<trkpt lat="40.19425308" lon="44.50354730"></trkpt>
<trkpt lat="40.19422182" lon="44.50343021"></trkpt>
<trkpt lat="40.19419000" lon="44.50331339"></trkpt>
<trkpt lat="40.19415763" lon="44.50319682"></trkpt>
<trkpt lat="40.19412469" lon="44.50308053"></trkpt>
<trkpt lat="40.19409119" lon="44.50296451"></trkpt>
<trkpt lat="40.19405714" lon="44.50284876"></trkpt>
<trkpt lat="40.19402253" lon="44.50273330"></trkpt>
<trkpt lat="40.19398737" lon="44.50261812"></trkpt>
<trkpt lat="40.19395166" lon="44.50250324"></trkpt>
<trkpt lat="40.19391540" lon="44.50238865"></trkpt>
<trkpt lat="40.19387859" lon="44.50227437"></trkpt>
<trkpt lat="40.19384122" lon="44.50216039"></trkpt>
<trkpt lat="40.19380332" lon="44.50204671"></trkpt>
<trkpt lat="40.19376487" lon="44.50193335"></trkpt>
<trkpt lat="40.19372587" lon="44.50182031"></trkpt>
<trkpt lat="40.19368633" lon="44.50170760"></trkpt>
<trkpt lat="40.19364626" lon="44.50159521"></trkpt>
<trkpt lat="40.19360564" lon="44.50148315"></trkpt>
<trkpt lat="40.19356449" lon="44.50137143"></trkpt>
<trkpt lat="40.19352280" lon="44.50126005"></trkpt>
<trkpt lat="40.19348057" lon="44.50114901"></trkpt>
<trkpt lat="40.19343782" lon="44.50103832"></trkpt>
<trkpt lat="40.19339453" lon="44.50092799"></trkpt>
<trkpt lat="40.19335072" lon="44.50081802"></trkpt>
<trkpt lat="40.19330638" lon="44.50070840"></trkpt>
<trkpt lat="40.19326151" lon="44.50059916"></trkpt>
<trkpt lat="40.19321612" lon="44.50049028"></trkpt>
<trkpt lat="40.19317021" lon="44.50038179"></trkpt>
<trkpt lat="40.19312378" lon="44.50027367"></trkpt>
<trkpt lat="40.19307683" lon="44.50016593"></trkpt>
<trkpt lat="40.19302936" lon="44.50005859"></trkpt>
<trkpt lat="40.19298138" lon="44.49995163"></trkpt>
<trkpt lat="40.19293289" lon="44.49984507"></trkpt>
<trkpt lat="40.19288389" lon="44.49973892"></trkpt>
<trkpt lat="40.19283437" lon="44.49963316"></trkpt>
<trkpt lat="40.19278435" lon="44.49952782"></trkpt>
<trkpt lat="40.19273383" lon="44.49942289"></trkpt>
<trkpt lat="40.19268280" lon="44.49931838"></trkpt>
<trkpt lat="40.19263128" lon="44.49921429"></trkpt>
<trkpt lat="40.19257925" lon="44.49911063"></trkpt>
<trkpt lat="40.19252673" lon="44.49900739"></trkpt>
<trkpt lat="40.19247371" lon="44.49890459"></trkpt>
<trkpt lat="40.19242020" lon="44.49880223"></trkpt>
<trkpt lat="40.19236620" lon="44.49870031"></trkpt>
<trkpt lat="40.19231172" lon="44.49859884"></trkpt>
<trkpt lat="40.19225674" lon="44.49849781"></trkpt>
<trkpt lat="40.19220129" lon="44.49839724"></trkpt>
<trkpt lat="40.19214535" lon="44.49829713"></trkpt>
<trkpt lat="40.19208893" lon="44.49819748"></trkpt>
<trkpt lat="40.19203203" lon="44.49809830"></trkpt>
<trkpt lat="40.19197466" lon="44.49799959"></trkpt>
<trkpt lat="40.19191682" lon="44.49790134"></trkpt>
<trkpt lat="40.19185850" lon="44.49780358"></trkpt>
<trkpt lat="40.19179972" lon="44.49770630"></trkpt>
<trkpt lat="40.19174047" lon="44.49760951"></trkpt>
<trkpt lat="40.19168076" lon="44.49751320"></trkpt>
<trkpt lat="40.19162059" lon="44.49741739"></trkpt>
<trkpt lat="40.19155995" lon="44.49732207"></trkpt>
<trkpt lat="40.19149887" lon="44.49722725"></trkpt>
<trkpt lat="40.19143732" lon="44.49713294"></trkpt>
<trkpt lat="40.19137533" lon="44.49703914"></trkpt>
<trkpt lat="40.19131289" lon="44.49694584"></trkpt>
<trkpt lat="40.19125000" lon="44.49685307"></trkpt>
<trkpt lat="40.19118667" lon="44.49676081"></trkpt>
<trkpt lat="40.19112289" lon="44.49666907"></trkpt>
<trkpt lat="40.19105868" lon="44.49657786"></trkpt>
<trkpt lat="40.19099403" lon="44.49648719"></trkpt>
<trkpt lat="40.19092894" lon="44.49639704"></trkpt>
<trkpt lat="40.19086343" lon="44.49630743"></trkpt>
<trkpt lat="40.19079748" lon="44.49621836"></trkpt>
<trkpt lat="40.19073111" lon="44.49612984"></trkpt>
<trkpt lat="40.19066431" lon="44.49604186"></trkpt>
<trkpt lat="40.19059710" lon="44.49595444"></trkpt>
<trkpt lat="40.19052946" lon="44.49586757"></trkpt>
<trkpt lat="40.19046141" lon="44.49578125"></trkpt>
<trkpt lat="40.19039295" lon="44.49569550"></trkpt>
<trkpt lat="40.19032408" lon="44.49561031"></trkpt>
<trkpt lat="40.19025480" lon="44.49552570"></trkpt>
<trkpt lat="40.19018511" lon="44.49544165"></trkpt>
<trkpt lat="40.19011502" lon="44.49535818"></trkpt>
<trkpt lat="40.19004454" lon="44.49527528"></trkpt>
<trkpt lat="40.18997365" lon="44.49519297"></trkpt>
<trkpt lat="40.18990238" lon="44.49511124"></trkpt>
<trkpt lat="40.18983071" lon="44.49503010"></trkpt>
<trkpt lat="40.18975865" lon="44.49494955"></trkpt>
<trkpt lat="40.18968621" lon="44.49486959"></trkpt>
<trkpt lat="40.18961339" lon="44.49479023"></trkpt>
<trkpt lat="40.18954018" lon="44.49471147"></trkpt>
<trkpt lat="40.18946660" lon="44.49463332"></trkpt>
<trkpt lat="40.18939265" lon="44.49455577"></trkpt>
<trkpt lat="40.18931832" lon="44.49447883"></trkpt>
<trkpt lat="40.18924363" lon="44.49440251"></trkpt>
<trkpt lat="40.18916857" lon="44.49432680"></trkpt>
<trkpt lat="40.18909315" lon="44.49425171"></trkpt>
<trkpt lat="40.18901737" lon="44.49417724"></trkpt>
<trkpt lat="40.18894124" lon="44.49410339"></trkpt>
<trkpt lat="40.18886475" lon="44.49403018"></trkpt>
<trkpt lat="40.18878792" lon="44.49395759"></trkpt>
<trkpt lat="40.18871073" lon="44.49388564"></trkpt>
<trkpt lat="40.18863320" lon="44.49381432"></trkpt>
<trkpt lat="40.18855533" lon="44.49374364"></trkpt>
<trkpt lat="40.18847713" lon="44.49367361"></trkpt>
<trkpt lat="40.18839859" lon="44.49360421"></trkpt>
<trkpt lat="40.18831971" lon="44.49353547"></trkpt>
<trkpt lat="40.18824051" lon="44.49346737"></trkpt>
<trkpt lat="40.18816098" lon="44.49339993"></trkpt>
<trkpt lat="40.18808113" lon="44.49333315"></trkpt>
<trkpt lat="40.18800097" lon="44.49326702"></trkpt>
<trkpt lat="40.18792048" lon="44.49320155"></trkpt>
<trkpt lat="40.18783969" lon="44.49313675"></trkpt>
<trkpt lat="40.18775858" lon="44.49307261"></trkpt>
<trkpt lat="40.18767717" lon="44.49300914"></trkpt>
<trkpt lat="40.18759545" lon="44.49294634"></trkpt>
<trkpt lat="40.18751344" lon="44.49288421"></trkpt>
<trkpt lat="40.18743113" lon="44.49282276"></trkpt>
<trkpt lat="40.18734852" lon="44.49276198"></trkpt>
<trkpt lat="40.18726562" lon="44.49270189"></trkpt>
<trkpt lat="40.18718244" lon="44.49264248"></trkpt>
<trkpt lat="40.18709898" lon="44.49258376"></trkpt>
<trkpt lat="40.18701523" lon="44.49252572"></trkpt>
<trkpt lat="40.18693121" lon="44.49246838"></trkpt>
<trkpt lat="40.18684691" lon="44.49241172"></trkpt>
<trkpt lat="40.18676234" lon="44.49235576"></trkpt>
<trkpt lat="40.18667751" lon="44.49230050"></trkpt>
<trkpt lat="40.18659241" lon="44.49224593"></trkpt>
<trkpt lat="40.18650706" lon="44.49219207"></trkpt>
<trkpt lat="40.18642144" lon="44.49213891"></trkpt>
<trkpt lat="40.18633557" lon="44.49208645"></trkpt>
<trkpt lat="40.18624945" lon="44.49203470"></trkpt>
<trkpt lat="40.18616309" lon="44.49198366"></trkpt>
<trkpt lat="40.18607648" lon="44.49193333"></trkpt>
<trkpt lat="40.18598963" lon="44.49188372"></trkpt>
<trkpt lat="40.18590255" lon="44.49183482"></trkpt>
<trkpt lat="40.18581523" lon="44.49178664"></trkpt>
<trkpt lat="40.18572768" lon="44.49173917"></trkpt>
<trkpt lat="40.18563991" lon="44.49169243"></trkpt>
<trkpt lat="40.18555191" lon="44.49164641"></trkpt>
<trkpt lat="40.18546370" lon="44.49160111"></trkpt>
<trkpt lat="40.18537527" lon="44.49155655"></trkpt>
<trkpt lat="40.18528662" lon="44.49151270"></trkpt>
<trkpt lat="40.18519777" lon="44.49146959"></trkpt>
<trkpt lat="40.18510872" lon="44.49142721"></trkpt>
<trkpt lat="40.18501946" lon="44.49138557"></trkpt>
<trkpt lat="40.18493000" lon="44.49134466"></trkpt>
<trkpt lat="40.18484035" lon="44.49130448"></trkpt>
<trkpt lat="40.18475051" lon="44.49126504"></trkpt>
<trkpt lat="40.18466048" lon="44.49122635"></trkpt>
<trkpt lat="40.18457026" lon="44.49118839"></trkpt>
<trkpt lat="40.18447987" lon="44.49115118"></trkpt>
<trkpt lat="40.18438930" lon="44.49111471"></trkpt>
<trkpt lat="40.18429855" lon="44.49107898"></trkpt>
<trkpt lat="40.18420764" lon="44.49104401"></trkpt>
<trkpt lat="40.18411656" lon="44.49100978"></trkpt>
<trkpt lat="40.18402531" lon="44.49097630"></trkpt>
<trkpt lat="40.18393391" lon="44.49094357"></trkpt>
<trkpt lat="40.18384235" lon="44.49091160"></trkpt>
<trkpt lat="40.18375065" lon="44.49088037"></trkpt>
<trkpt lat="40.18365879" lon="44.49084991"></trkpt>
<trkpt lat="40.18356679" lon="44.49082020"></trkpt>
<trkpt lat="40.18347465" lon="44.49079124"></trkpt>
<trkpt lat="40.18338237" lon="44.49076305"></trkpt>
<trkpt lat="40.18328995" lon="44.49073561"></trkpt>
<trkpt lat="40.18319741" lon="44.49070893"></trkpt>
<trkpt lat="40.18310474" lon="44.49068302"></trkpt>
<trkpt lat="40.18301195" lon="44.49065787"></trkpt>
<trkpt lat="40.18291904" lon="44.49063348"></trkpt>
<trkpt lat="40.18282601" lon="44.49060986"></trkpt>
<trkpt lat="40.18273288" lon="44.49058700"></trkpt>
<trkpt lat="40.18263963" lon="44.49056491"></trkpt>
<trkpt lat="40.18254628" lon="44.49054359"></trkpt>
<trkpt lat="40.18245283" lon="44.49052303"></trkpt>
<trkpt lat="40.18235928" lon="44.49050324"></trkpt>
<trkpt lat="40.18226564" lon="44.49048422"></trkpt>
<trkpt lat="40.18217192" lon="44.49046598"></trkpt>
<trkpt lat="40.18207810" lon="44.49044850"></trkpt>
<trkpt lat="40.18198420" lon="44.49043180"></trkpt>
<trkpt lat="40.18189023" lon="44.49041587"></trkpt>
<trkpt lat="40.18179618" lon="44.49040071"></trkpt>
<trkpt lat="40.18170206" lon="44.49038632"></trkpt>
<trkpt lat="40.18160787" lon="44.49037271"></trkpt>
<trkpt lat="40.18151362" lon="44.49035988"></trkpt>
<trkpt lat="40.18141931" lon="44.49034782"></trkpt>
<trkpt lat="40.18132494" lon="44.49033653"></trkpt>
<trkpt lat="40.18123052" lon="44.49032603"></trkpt>
<trkpt lat="40.18113605" lon="44.49031630"></trkpt>
<trkpt lat="40.18104154" lon="44.49030734"></trkpt>
<trkpt lat="40.18094698" lon="44.49029916"></trkpt>
<trkpt lat="40.18085239" lon="44.49029177"></trkpt>
<trkpt lat="40.18075777" lon="44.49028514"></trkpt>
<trkpt lat="40.18066311" lon="44.49027930"></trkpt>
<trkpt lat="40.18056843" lon="44.49027424"></trkpt>
<trkpt lat="40.18047373" lon="44.49026995"></trkpt>
<trkpt lat="40.18037900" lon="44.49026645"></trkpt>
<trkpt lat="40.18028426" lon="44.49026372"></trkpt>
<trkpt lat="40.18018952" lon="44.49026177"></trkpt>
<trkpt lat="40.18009476" lon="44.49026060"></trkpt>
<trkpt lat="40.18000000" lon="44.49026021"></trkpt>
<trkpt lat="40.17990524" lon="44.49026060"></trkpt>
<trkpt lat="40.17981048" lon="44.49026177"></trkpt>
<trkpt lat="40.17971574" lon="44.49026372"></trkpt>
<trkpt lat="40.17962100" lon="44.49026645"></trkpt>
<trkpt lat="40.17952627" lon="44.49026995"></trkpt>
<trkpt lat="40.17943157" lon="44.49027424"></trkpt>
<trkpt lat="40.17933689" lon="44.49027930"></trkpt>
<trkpt lat="40.17924223" lon="44.49028514"></trkpt>
<trkpt lat="40.17914761" lon="44.49029177"></trkpt>
<trkpt lat="40.17905302" lon="44.49029916"></trkpt>
<trkpt lat="40.17895846" lon="44.49030734"></trkpt>
<trkpt lat="40.17886395" lon="44.49031630"></trkpt>
<trkpt lat="40.17876948" lon="44.49032603"></trkpt>
<trkpt lat="40.17867506" lon="44.49033653"></trkpt>
<trkpt lat="40.17858069" lon="44.49034782"></trkpt>
<trkpt lat="40.17848638" lon="44.49035988"></trkpt>
<trkpt lat="40.17839213" lon="44.49037271"></trkpt>
<trkpt lat="40.17829794" lon="44.49038632"></trkpt>
<trkpt lat="40.17820382" lon="44.49040071"></trkpt>
<trkpt lat="40.17810977" lon="44.49041587"></trkpt>
<trkpt lat="40.17801580" lon="44.49043180"></trkpt>
<trkpt lat="40.17792190" lon="44.49044850"></trkpt>
<trkpt lat="40.17782808" lon="44.49046598"></trkpt>
<trkpt lat="40.17773436" lon="44.49048422"></trkpt>
<trkpt lat="40.17764072" lon="44.49050324"></trkpt>
<trkpt lat="40.17754717" lon="44.49052303"></trkpt>
<trkpt lat="40.17745372" lon="44.49054359"></trkpt>
<trkpt lat="40.17736037" lon="44.49056491"></trkpt>
<trkpt lat="40.17726712" lon="44.49058700"></trkpt>
<trkpt lat="40.17717399" lon="44.49060986"></trkpt>
<trkpt lat="40.17708096" lon="44.49063348"></trkpt>
<trkpt lat="40.17698805" lon="44.49065787"></trkpt>
<trkpt lat="40.17689526" lon="44.49068302"></trkpt>
<trkpt lat="40.17680259" lon="44.49070893"></trkpt>
<trkpt lat="40.17671005" lon="44.49073561"></trkpt>
<trkpt lat="40.17661763" lon="44.49076305"></trkpt>
<trkpt lat="40.17652535" lon="44.49079124"></trkpt>
<trkpt lat="40.17643321" lon="44.49082020"></trkpt>
<trkpt lat="40.17634121" lon="44.49084991"></trkpt>
<trkpt lat="40.17624935" lon="44.49088037"></trkpt>
<trkpt lat="40.17615765" lon="44.49091160"></trkpt>
<trkpt lat="40.17606609" lon="44.49094357"></trkpt>
<trkpt lat="40.17597469" lon="44.49097630"></trkpt>
<trkpt lat="40.17588344" lon="44.49100978"></trkpt>
<trkpt lat="40.17579236" lon="44.49104401"></trkpt>
<trkpt lat="40.17570145" lon="44.49107898"></trkpt>
<trkpt lat="40.17561070" lon="44.49111471"></trkpt>
<trkpt lat="40.17552013" lon="44.49115118"></trkpt>
<trkpt lat="40.17542974" lon="44.49118839"></trkpt>
<trkpt lat="40.17533952" lon="44.49122635"></trkpt>
<trkpt lat="40.17524949" lon="44.49126504"></trkpt>
<trkpt lat="40.17515965" lon="44.49130448"></trkpt>
<trkpt lat="40.17507000" lon="44.49134466"></trkpt>
<trkpt lat="40.17498054" lon="44.49138557"></trkpt>
<trkpt lat="40.17489128" lon="44.49142721"></trkpt>
<trkpt lat="40.17480223" lon="44.49146959"></trkpt>
<trkpt lat="40.17471338" lon="44.49151270"></trkpt>
<trkpt lat="40.17462473" lon="44.49155655"></trkpt>
<trkpt lat="40.17453630" lon="44.49160111"></trkpt>
<trkpt lat="40.17444809" lon="44.49164641"></trkpt>
<trkpt lat="40.17436009" lon="44.49169243"></trkpt>
<trkpt lat="40.17427232" lon="44.49173917"></trkpt>
<trkpt lat="40.17418477" lon="44.49178664"></trkpt>
<trkpt lat="40.17409745" lon="44.49183482"></trkpt>
<trkpt lat="40.17401037" lon="44.49188372"></trkpt>
<trkpt lat="40.17392352" lon="44.49193333"></trkpt>
<trkpt lat="40.17383691" lon="44.49198366"></trkpt>
<trkpt lat="40.17375055" lon="44.49203470"></trkpt>
<trkpt lat="40.17366443" lon="44.49208645"></trkpt>
<trkpt lat="40.17357856" lon="44.49213891"></trkpt>
<trkpt lat="40.17349294" lon="44.49219207"></trkpt>
<trkpt lat="40.17340759" lon="44.49224593"></trkpt>
<trkpt lat="40.17332249" lon="44.49230050"></trkpt>
<trkpt lat="40.17323766" lon="44.49235576"></trkpt>
<trkpt lat="40.17315309" lon="44.49241172"></trkpt>
<trkpt lat="40.17306879" lon="44.49246838"></trkpt>
<trkpt lat="40.17298477" lon="44.49252572"></trkpt>
<trkpt lat="40.17290102" lon="44.49258376"></trkpt>
<trkpt lat="40.17281756" lon="44.49264248"></trkpt>
<trkpt lat="40.17273438" lon="44.49270189"></trkpt>
<trkpt lat="40.17265148" lon="44.49276198"></trkpt>
<trkpt lat="40.17256887" lon="44.49282276"></trkpt>
<trkpt lat="40.17248656" lon="44.49288421"></trkpt>
<trkpt lat="40.17240455" lon="44.49294634"></trkpt>
<trkpt lat="40.17232283" lon="44.49300914"></trkpt>
<trkpt lat="40.17224142" lon="44.49307261"></trkpt>
<trkpt lat="40.17216031" lon="44.49313675"></trkpt>
<trkpt lat="40.17207952" lon="44.49320155"></trkpt>
<trkpt lat="40.17199903" lon="44.49326702"></trkpt>
<trkpt lat="40.17191887" lon="44.49333315"></trkpt>
<trkpt lat="40.17183902" lon="44.49339993"></trkpt>
<trkpt lat="40.17175949" lon="44.49346737"></trkpt>
<trkpt lat="40.17168029" lon="44.49353547"></trkpt>
<trkpt lat="40.17160141" lon="44.49360421"></trkpt>
<trkpt lat="40.17152287" lon="44.49367361"></trkpt>
<trkpt lat="40.17144467" lon="44.49374364"></trkpt>
<trkpt lat="40.17136680" lon="44.49381432"></trkpt>
<trkpt lat="40.17128927" lon="44.49388564"></trkpt>
<trkpt lat="40.17121208" lon="44.49395759"></trkpt>
<trkpt lat="40.17113525" lon="44.49403018"></trkpt>
<trkpt lat="40.17105876" lon="44.49410339"></trkpt>
<trkpt lat="40.17098263" lon="44.49417724"></trkpt>
<trkpt lat="40.17090685" lon="44.49425171"></trkpt>
<trkpt lat="40.17083143" lon="44.49432680"></trkpt>
<trkpt lat="40.17075637" lon="44.49440251"></trkpt>
<trkpt lat="40.17068168" lon="44.49447883"></trkpt>
<trkpt lat="40.17060735" lon="44.49455577"></trkpt>
<trkpt lat="40.17053340" lon="44.49463332"></trkpt>
<trkpt lat="40.17045982" lon="44.49471147"></trkpt>
<trkpt lat="40.17038661" lon="44.49479023"></trkpt>
<trkpt lat="40.17031379" lon="44.49486959"></trkpt>
<trkpt lat="40.17024135" lon="44.49494955"></trkpt>
<trkpt lat="40.17016929" lon="44.49503010"></trkpt>
<trkpt lat="40.17009762" lon="44.49511124"></trkpt>
<trkpt lat="40.17002635" lon="44.49519297"></trkpt>
<trkpt lat="40.16995546" lon="44.49527528"></trkpt>
<trkpt lat="40.16988498" lon="44.49535818"></trkpt>
<trkpt lat="40.16981489" lon="44.49544165"></trkpt>
<trkpt lat="40.16974520" lon="44.49552570"></trkpt>
<trkpt lat="40.16967592" lon="44.49561031"></trkpt>
<trkpt lat="40.16960705" lon="44.49569550"></trkpt>
<trkpt lat="40.16953859" lon="44.49578125"></trkpt>
<trkpt lat="40.16947054" lon="44.49586757"></trkpt>
<trkpt lat="40.16940290" lon="44.49595444"></trkpt>
<trkpt lat="40.16933569" lon="44.49604186"></trkpt>
<trkpt lat="40.16926889" lon="44.49612984"></trkpt>
<trkpt lat="40.16920252" lon="44.49621836"></trkpt>
<trkpt lat="40.16913657" lon="44.49630743"></trkpt>
<trkpt lat="40.16907106" lon="44.49639704"></trkpt>
<trkpt lat="40.16900597" lon="44.49648719"></trkpt>
<trkpt lat="40.16894132" lon="44.49657786"></trkpt>
<trkpt lat="40.16887711" lon="44.49666907"></trkpt>
<trkpt lat="40.16881333" lon="44.49676081"></trkpt>
<trkpt lat="40.16875000" lon="44.49685307"></trkpt>
<trkpt lat="40.16868711" lon="44.49694584"></trkpt>
<trkpt lat="40.16862467" lon="44.49703914"></trkpt>
<trkpt lat="40.16856268" lon="44.49713294"></trkpt>
<trkpt lat="40.16850113" lon="44.49722725"></trkpt>
<trkpt lat="40.16844005" lon="44.49732207"></trkpt>
<trkpt lat="40.16837941" lon="44.49741739"></trkpt>
<trkpt lat="40.16831924" lon="44.49751320"></trkpt>
<trkpt lat="40.16825953" lon="44.49760951"></trkpt>
<trkpt lat="40.16820028" lon="44.49770630"></trkpt>
<trkpt lat="40.16814150" lon="44.49780358"></trkpt>
<trkpt lat="40.16808318" lon="44.49790134"></trkpt>
<trkpt lat="40.16802534" lon="44.49799959"></trkpt>
<trkpt lat="40.16796797" lon="44.49809830"></trkpt>
<trkpt lat="40.16791107" lon="44.49819748"></trkpt>
<trkpt lat="40.16785465" lon="44.49829713"></trkpt>
<trkpt lat="40.16779871" lon="44.49839724"></trkpt>
<trkpt lat="40.16774326" lon="44.49849781"></trkpt>
<trkpt lat="40.16768828" lon="44.49859884"></trkpt>
<trkpt lat="40.16763380" lon="44.49870031"></trkpt>
<trkpt lat="40.16757980" lon="44.49880223"></trkpt>
<trkpt lat="40.16752629" lon="44.49890459"></trkpt>
<trkpt lat="40.16747327" lon="44.49900739"></trkpt>
<trkpt lat="40.16742075" lon="44.49911063"></trkpt>
<trkpt lat="40.16736872" lon="44.49921429"></trkpt>
<trkpt lat="40.16731720" lon="44.49931838"></trkpt>
<trkpt lat="40.16726617" lon="44.49942289"></trkpt>
<trkpt lat="40.16721565" lon="44.49952782"></trkpt>
<trkpt lat="40.16716563" lon="44.49963316"></trkpt>
<trkpt lat="40.16711611" lon="44.49973892"></trkpt>
<trkpt lat="40.16706711" lon="44.49984507"></trkpt>
<trkpt lat="40.16701862" lon="44.49995163"></trkpt>
<trkpt lat="40.16697064" lon="44.50005859"></trkpt>
<trkpt lat="40.16692317" lon="44.50016593"></trkpt>
<trkpt lat="40.16687622" lon="44.50027367"></trkpt>
<trkpt lat="40.16682979" lon="44.50038179"></trkpt>
<trkpt lat="40.16678388" lon="44.50049028"></trkpt>
<trkpt lat="40.16673849" lon="44.50059916"></trkpt>
<trkpt lat="40.16669362" lon="44.50070840"></trkpt>
<trkpt lat="40.16664928" lon="44.50081802"></trkpt>
<trkpt lat="40.16660547" lon="44.50092799"></trkpt>
<trkpt lat="40.16656218" lon="44.50103832"></trkpt>
<trkpt lat="40.16651943" lon="44.50114901"></trkpt>
<trkpt lat="40.16647720" lon="44.50126005"></trkpt>
<trkpt lat="40.16643551" lon="44.50137143"></trkpt>
<trkpt lat="40.16639436" lon="44.50148315"></trkpt>
<trkpt lat="40.16635374" lon="44.50159521"></trkpt>
<trkpt lat="40.16631367" lon="44.50170760"></trkpt>
<trkpt lat="40.16627413" lon="44.50182031"></trkpt>
<trkpt lat="40.16623513" lon="44.50193335"></trkpt>
<trkpt lat="40.16619668" lon="44.50204671"></trkpt>
<trkpt lat="40.16615878" lon="44.50216039"></trkpt>
<trkpt lat="40.16612141" lon="44.50227437"></trkpt>
<trkpt lat="40.16608460" lon="44.50238865"></trkpt>
<trkpt lat="40.16604834" lon="44.50250324"></trkpt>
<trkpt lat="40.16601263" lon="44.50261812"></trkpt>
<trkpt lat="40.16597747" lon="44.50273330"></trkpt>
<trkpt lat="40.16594286" lon="44.50284876"></trkpt>
<trkpt lat="40.16590881" lon="44.50296451"></trkpt>
<trkpt lat="40.16587531" lon="44.50308053"></trkpt>
<trkpt lat="40.16584237" lon="44.50319682"></trkpt>
<trkpt lat="40.16581000" lon="44.50331339"></trkpt>
<trkpt lat="40.16577818" lon="44.50343021"></trkpt>
<trkpt lat="40.16574692" lon="44.50354730"></trkpt>
<trkpt lat="40.16571623" lon="44.50366464"></trkpt>
<trkpt lat="40.16568609" lon="44.50378223"></trkpt>
<trkpt lat="40.16565653" lon="44.50390007"></trkpt>
<trkpt lat="40.16562753" lon="44.50401815"></trkpt>
<trkpt lat="40.16559910" lon="44.50413646"></trkpt>
<trkpt lat="40.16557123" lon="44.50425501"></trkpt>
<trkpt lat="40.16554394" lon="44.50437378"></trkpt>
<trkpt lat="40.16551722" lon="44.50449277"></trkpt>
<trkpt lat="40.16549107" lon="44.50461199"></trkpt>
<trkpt lat="40.16546549" lon="44.50473141"></trkpt>
<trkpt lat="40.16544048" lon="44.50485104"></trkpt>
<trkpt lat="40.16541605" lon="44.50497088"></trkpt>
<trkpt lat="40.16539220" lon="44.50509091"></trkpt>
<trkpt lat="40.16536892" lon="44.50521114"></trkpt>
<trkpt lat="40.16534622" lon="44.50533156"></trkpt>
<trkpt lat="40.16532410" lon="44.50545216"></trkpt>
<trkpt lat="40.16530256" lon="44.50557294"></trkpt>
<trkpt lat="40.16528160" lon="44.50569390"></trkpt>
<trkpt lat="40.16526122" lon="44.50581502"></trkpt>
<trkpt lat="40.16524142" lon="44.50593632"></trkpt>
<trkpt lat="40.16522220" lon="44.50605777"></trkpt>
<trkpt lat="40.16520357" lon="44.50617937"></trkpt>
<trkpt lat="40.16518552" lon="44.50630113"></trkpt>
<trkpt lat="40.16516806" lon="44.50642304"></trkpt>
<trkpt lat="40.16515118" lon="44.50654508"></trkpt>
<trkpt lat="40.16513488" lon="44.50666726"></trkpt>
<trkpt lat="40.16511918" lon="44.50678958"></trkpt>
<trkpt lat="40.16510406" lon="44.50691202"></trkpt>
<trkpt lat="40.16508953" lon="44.50703458"></trkpt>
<trkpt lat="40.16507559" lon="44.50715726"></trkpt>
<trkpt lat="40.16506224" lon="44.50728005"></trkpt>
<trkpt lat="40.16504948" lon="44.50740295"></trkpt>
<trkpt lat="40.16503731" lon="44.50752595"></trkpt>
<trkpt lat="40.16502572" lon="44.50764905"></trkpt>
<trkpt lat="40.16501473" lon="44.50777224"></trkpt>
<trkpt lat="40.16500434" lon="44.50789552"></trkpt>
<trkpt lat="40.16499453" lon="44.50801888"></trkpt>
<trkpt lat="40.16498531" lon="44.50814232"></trkpt>
<trkpt lat="40.16497669" lon="44.50826584"></trkpt>
<trkpt lat="40.16496867" lon="44.50838942"></trkpt>
<trkpt lat="40.16496123" lon="44.50851306"></trkpt>
<trkpt lat="40.16495439" lon="44.50863677"></trkpt>
<trkpt lat="40.16494814" lon="44.50876053"></trkpt>
<trkpt lat="40.16494249" lon="44.50888434"></trkpt>
<trkpt lat="40.16493743" lon="44.50900819"></trkpt>
<trkpt lat="40.16493297" lon="44.50913208"></trkpt>
<trkpt lat="40.16492910" lon="44.50925600"></trkpt>
<trkpt lat="40.16492582" lon="44.50937996"></trkpt>
<trkpt lat="40.16492315" lon="44.50950394"></trkpt>
<trkpt lat="40.16492106" lon="44.50962794"></trkpt>
<trkpt lat="40.16491957" lon="44.50975195"></trkpt>
<trkpt lat="40.16491868" lon="44.50987597"></trkpt>
<trkpt lat="40.16491838" lon="44.51000000"></trkpt>
<trkpt lat="40.16491868" lon="44.51012403"></trkpt>
<trkpt lat="40.16491957" lon="44.51024805"></trkpt>
<trkpt lat="40.16492106" lon="44.51037206"></trkpt>
<trkpt lat="40.16492315" lon="44.51049606"></trkpt>
<trkpt lat="40.16492582" lon="44.51062004"></trkpt>
<trkpt lat="40.16492910" lon="44.51074400"></trkpt>
<trkpt lat="40.16493297" lon="44.51086792"></trkpt>
<trkpt lat="40.16493743" lon="44.51099181"></trkpt>
<trkpt lat="40.16494249" lon="44.51111566"></trkpt>
<trkpt lat="40.16494814" lon="44.51123947"></trkpt>
<trkpt lat="40.16495439" lon="44.51136323"></trkpt>
<trkpt lat="40.16496123" lon="44.51148694"></trkpt>
<trkpt lat="40.16496867" lon="44.51161058"></trkpt>
<trkpt lat="40.16497669" lon="44.51173416"></trkpt>
<trkpt lat="40.16498531" lon="44.51185768"></trkpt>
<trkpt lat="40.16499453" lon="44.51198112"></trkpt>
<trkpt lat="40.16500434" lon="44.51210448"></trkpt>
<trkpt lat="40.16501473" lon="44.51222776"></trkpt>
<trkpt lat="40.16502572" lon="44.51235095"></trkpt>
<trkpt lat="40.16503731" lon="44.51247405"></trkpt>
<trkpt lat="40.16504948" lon="44.51259705"></trkpt>
<trkpt lat="40.16506224" lon="44.51271995"></trkpt>
<trkpt lat="40.16507559" lon="44.51284274"></trkpt>
<trkpt lat="40.16508953" lon="44.51296542"></trkpt>
<trkpt lat="40.16510406" lon="44.51308798"></trkpt>
<trkpt lat="40.16511918" lon="44.51321042"></trkpt>
<trkpt lat="40.16513488" lon="44.51333274"></trkpt>
<trkpt lat="40.16515118" lon="44.51345492"></trkpt>
<trkpt lat="40.16516806" lon="44.51357696"></trkpt>
<trkpt lat="40.16518552" lon="44.51369887"></trkpt>
<trkpt lat="40.16520357" lon="44.51382063"></trkpt>
<trkpt lat="40.16522220" lon="44.51394223"></trkpt>
<trkpt lat="40.16524142" lon="44.51406368"></trkpt>
<trkpt lat="40.16526122" lon="44.51418498"></trkpt>
<trkpt lat="40.16528160" lon="44.51430610"></trkpt>
<trkpt lat="40.16530256" lon="44.51442706"></trkpt>
<trkpt lat="40.16532410" lon="44.51454784"></trkpt>
<trkpt lat="40.16534622" lon="44.51466844"></trkpt>
<trkpt lat="40.16536892" lon="44.51478886"></trkpt>
<trkpt lat="40.16539220" lon="44.51490909"></trkpt>
<trkpt lat="40.16541605" lon="44.51502912"></trkpt>
<trkpt lat="40.16544048" lon="44.51514896"></trkpt>
<trkpt lat="40.16546549" lon="44.51526859"></trkpt>
<trkpt lat="40.16549107" lon="44.51538801"></trkpt>
<trkpt lat="40.16551722" lon="44.51550723"></trkpt>
<trkpt lat="40.16554394" lon="44.51562622"></trkpt>
<trkpt lat="40.16557123" lon="44.51574499"></trkpt>
<trkpt lat="40.16559910" lon="44.51586354"></trkpt>
<trkpt lat="40.16562753" lon="44.51598185"></trkpt>
<trkpt lat="40.16565653" lon="44.51609993"></trkpt>
<trkpt lat="40.16568609" lon="44.51621777"></trkpt>
<trkpt lat="40.16571623" lon="44.51633536"></trkpt>
<trkpt lat="40.16574692" lon="44.51645270"></trkpt>
<trkpt lat="40.16577818" lon="44.51656979"></trkpt>
<trkpt lat="40.16581000" lon="44.51668661"></trkpt>
<trkpt lat="40.16584237" lon="44.51680318"></trkpt>
<trkpt lat="40.16587531" lon="44.51691947"></trkpt>
<trkpt lat="40.16590881" lon="44.51703549"></trkpt>
<trkpt lat="40.16594286" lon="44.51715124"></trkpt>
<trkpt lat="40.16597747" lon="44.51726670"></trkpt>
<trkpt lat="40.16601263" lon="44.51738188"></trkpt>
<trkpt lat="40.16604834" lon="44.51749676"></trkpt>
<trkpt lat="40.16608460" lon="44.51761135"></trkpt>
<trkpt lat="40.16612141" lon="44.51772563"></trkpt>
<trkpt lat="40.16615878" lon="44.51783961"></trkpt>
<trkpt lat="40.16619668" lon="44.51795329"></trkpt>
<trkpt lat="40.16623513" lon="44.51806665"></trkpt>
<trkpt lat="40.16627413" lon="44.51817969"></trkpt>
<trkpt lat="40.16631367" lon="44.51829240"></trkpt>
<trkpt lat="40.16635374" lon="44.51840479"></trkpt>
<trkpt lat="40.16639436" lon="44.51851685"></trkpt>
<trkpt lat="40.16643551" lon="44.51862857"></trkpt>
<trkpt lat="40.16647720" lon="44.51873995"></trkpt>
<trkpt lat="40.16651943" lon="44.51885099"></trkpt>
<trkpt lat="40.16656218" lon="44.51896168"></trkpt>
<trkpt lat="40.16660547" lon="44.51907201"></trkpt>
<trkpt lat="40.16664928" lon="44.51918198"></trkpt>
<trkpt lat="40.16669362" lon="44.51929160"></trkpt>
<trkpt lat="40.16673849" lon="44.51940084"></trkpt>
<trkpt lat="40.16678388" lon="44.51950972"></trkpt>
<trkpt lat="40.16682979" lon="44.51961821"></trkpt>
<trkpt lat="40.16687622" lon="44.51972633"></trkpt>
<trkpt lat="40.16692317" lon="44.51983407"></trkpt>
<trkpt lat="40.16697064" lon="44.51994141"></trkpt>
<trkpt lat="40.16701862" lon="44.52004837"></trkpt>
<trkpt lat="40.16706711" lon="44.52015493"></trkpt>
<trkpt lat="40.16711611" lon="44.52026108"></trkpt>
<trkpt lat="40.16716563" lon="44.52036684"></trkpt>
<trkpt lat="40.16721565" lon="44.52047218"></trkpt>
<trkpt lat="40.16726617" lon="44.52057711"></trkpt>
<trkpt lat="40.16731720" lon="44.52068162"></trkpt>
<trkpt lat="40.16736872" lon="44.52078571"></trkpt>
<trkpt lat="40.16742075" lon="44.52088937"></trkpt>
<trkpt lat="40.16747327" lon="44.52099261"></trkpt>
<trkpt lat="40.16752629" lon="44.52109541"></trkpt>
<trkpt lat="40.16757980" lon="44.52119777"></trkpt>
<trkpt lat="40.16763380" lon="44.52129969"></trkpt>
<trkpt lat="40.16768828" lon="44.52140116"></trkpt>
<trkpt lat="40.16774326" lon="44.52150219"></trkpt>
<trkpt lat="40.16779871" lon="44.52160276"></trkpt>
<trkpt lat="40.16785465" lon="44.52170287"></trkpt>
<trkpt lat="40.16791107" lon="44.52180252"></trkpt>
<trkpt lat="40.16796797" lon="44.52190170"></trkpt>
<trkpt lat="40.16802534" lon="44.52200041"></trkpt>
<trkpt lat="40.16808318" lon="44.52209866"></trkpt>
<trkpt lat="40.16814150" lon="44.52219642"></trkpt>
<trkpt lat="40.16820028" lon="44.52229370"></trkpt>
<trkpt lat="40.16825953" lon="44.52239049"></trkpt>
<trkpt lat="40.16831924" lon="44.52248680"></trkpt>
<trkpt lat="40.16837941" lon="44.52258261"></trkpt>
<trkpt lat="40.16844005" lon="44.52267793"></trkpt>
<trkpt lat="40.16850113" lon="44.52277275"></trkpt>
<trkpt lat="40.16856268" lon="44.52286706"></trkpt>
<trkpt lat="40.16862467" lon="44.52296086"></trkpt>
<trkpt lat="40.16868711" lon="44.52305416"></trkpt>
<trkpt lat="40.16875000" lon="44.52314693"></trkpt>
<trkpt lat="40.16881333" lon="44.52323919"></trkpt>
<trkpt lat="40.16887711" lon="44.52333093"></trkpt>
<trkpt lat="40.16894132" lon="44.52342214"></trkpt>
<trkpt lat="40.16900597" lon="44.52351281"></trkpt>
<trkpt lat="40.16907106" lon="44.52360296"></trkpt>
<trkpt lat="40.16913657" lon="44.52369257"></trkpt>
<trkpt lat="40.16920252" lon="44.52378164"></trkpt>
<trkpt lat="40.16926889" lon="44.52387016"></trkpt>
<trkpt lat="40.16933569" lon="44.52395814"></trkpt>
<trkpt lat="40.16940290" lon="44.52404556"></trkpt>
<trkpt lat="40.16947054" lon="44.52413243"></trkpt>
<trkpt lat="40.16953859" lon="44.52421875"></trkpt>
<trkpt lat="40.16960705" lon="44.52430450"></trkpt>
<trkpt lat="40.16967592" lon="44.52438969"></trkpt>
<trkpt lat="40.16974520" lon="44.52447430"></trkpt>
<trkpt lat="40.16981489" lon="44.52455835"></trkpt>
<trkpt lat="40.16988498" lon="44.52464182"></trkpt>
<trkpt lat="40.16995546" lon="44.52472472"></trkpt>
<trkpt lat="40.17002635" lon="44.52480703"></trkpt>
<trkpt lat="40.17009762" lon="44.52488876"></trkpt>
<trkpt lat="40.17016929" lon="44.52496990"></trkpt>
<trkpt lat="40.17024135" lon="44.52505045"></trkpt>
<trkpt lat="40.17031379" lon="44.52513041"></trkpt>
<trkpt lat="40.17038661" lon="44.52520977"></trkpt>
<trkpt lat="40.17045982" lon="44.52528853"></trkpt>
<trkpt lat="40.17053340" lon="44.52536668"></trkpt>
<trkpt lat="40.17060735" lon="44.52544423"></trkpt>
<trkpt lat="40.17068168" lon="44.52552117"></trkpt>
<trkpt lat="40.17075637" lon="44.52559749"></trkpt>
<trkpt lat="40.17083143" lon="44.52567320"></trkpt>
<trkpt lat="40.17090685" lon="44.52574829"></trkpt>
<trkpt lat="40.17098263" lon="44.52582276"></trkpt>
<trkpt lat="40.17105876" lon="44.52589661"></trkpt>
<trkpt lat="40.17113525" lon="44.52596982"></trkpt>
<trkpt lat="40.17121208" lon="44.52604241"></trkpt>
<trkpt lat="40.17128927" lon="44.52611436"></trkpt>
<trkpt lat="40.17136680" lon="44.52618568"></trkpt>
<trkpt lat="40.17144467" lon="44.52625636"></trkpt>
<trkpt lat="40.17152287" lon="44.52632639"></trkpt>
<trkpt lat="40.17160141" lon="44.52639579"></trkpt>
<trkpt lat="40.17168029" lon="44.52646453"></trkpt>
<trkpt lat="40.17175949" lon="44.52653263"></trkpt>
<trkpt lat="40.17183902" lon="44.52660007"></trkpt>
<trkpt lat="40.17191887" lon="44.52666685"></trkpt>
<trkpt lat="40.17199903" lon="44.52673298"></trkpt>
<trkpt lat="40.17207952" lon="44.52679845"></trkpt>
<trkpt lat="40.17216031" lon="44.52686325"></trkpt>
<trkpt lat="40.17224142" lon="44.52692739"></trkpt>
<trkpt lat="40.17232283" lon="44.52699086"></trkpt>
<trkpt lat="40.17240455" lon="44.52705366"></trkpt>
<trkpt lat="40.17248656" lon="44.52711579"></trkpt>
<trkpt lat="40.17256887" lon="44.52717724"></trkpt>
<trkpt lat="40.17265148" lon="44.52723802"></trkpt>
<trkpt lat="40.17273438" lon="44.52729811"></trkpt>
<trkpt lat="40.17281756" lon="44.52735752"></trkpt>
<trkpt lat="40.17290102" lon="44.52741624"></trkpt>
<trkpt lat="40.17298477" lon="44.52747428"></trkpt>
<trkpt lat="40.17306879" lon="44.52753162"></trkpt>
<trkpt lat="40.17315309" lon="44.52758828"></trkpt>
<trkpt lat="40.17323766" lon="44.52764424"></trkpt>
<trkpt lat="40.17332249" lon="44.52769950"></trkpt>
<trkpt lat="40.17340759" lon="44.52775407"></trkpt>
<trkpt lat="40.17349294" lon="44.52780793"></trkpt>
<trkpt lat="40.17357856" lon="44.52786109"></trkpt>
<trkpt lat="40.17366443" lon="44.52791355"></trkpt>
<trkpt lat="40.17375055" lon="44.52796530"></trkpt>
<trkpt lat="40.17383691" lon="44.52801634"></trkpt>
<trkpt lat="40.17392352" lon="44.52806667"></trkpt>
<trkpt lat="40.17401037" lon="44.52811628"></trkpt>
<trkpt lat="40.17409745" lon="44.52816518"></trkpt>
<trkpt lat="40.17418477" lon="44.52821336"></trkpt>
<trkpt lat="40.17427232" lon="44.52826083"></trkpt>
<trkpt lat="40.17436009" lon="44.52830757"></trkpt>
<trkpt lat="40.17444809" lon="44.52835359"></trkpt>
<trkpt lat="40.17453630" lon="44.52839889"></trkpt>
<trkpt lat="40.17462473" lon="44.52844345"></trkpt>
<trkpt lat="40.17471338" lon="44.52848730"></trkpt>
<trkpt lat="40.17480223" lon="44.52853041"></trkpt>
<trkpt lat="40.17489128" lon="44.52857279"></trkpt>
<trkpt lat="40.17498054" lon="44.52861443"></trkpt>
<trkpt lat="40.17507000" lon="44.52865534"></trkpt>
<trkpt lat="40.17515965" lon="44.52869552"></trkpt>
<trkpt lat="40.17524949" lon="44.52873496"></trkpt>
<trkpt lat="40.17533952" lon="44.52877365"></trkpt>
<trkpt lat="40.17542974" lon="44.52881161"></trkpt>
<trkpt lat="40.17552013" lon="44.52884882"></trkpt>
<trkpt lat="40.17561070" lon="44.52888529"></trkpt>
<trkpt lat="40.17570145" lon="44.52892102"></trkpt>
<trkpt lat="40.17579236" lon="44.52895599"></trkpt>
<trkpt lat="40.17588344" lon="44.52899022"></trkpt>
<trkpt lat="40.17597469" lon="44.52902370"></trkpt>
<trkpt lat="40.17606609" lon="44.52905643"></trkpt>
<trkpt lat="40.17615765" lon="44.52908840"></trkpt>
<trkpt lat="40.17624935" lon="44.52911963"></trkpt>
<trkpt lat="40.17634121" lon="44.52915009"></trkpt>
<trkpt lat="40.17643321" lon="44.52917980"></trkpt>
<trkpt lat="40.17652535" lon="44.52920876"></trkpt>
<trkpt lat="40.17661763" lon="44.52923695"></trkpt>
<trkpt lat="40.17671005" lon="44.52926439"></trkpt>
<trkpt lat="40.17680259" lon="44.52929107"></trkpt>
<trkpt lat="40.17689526" lon="44.52931698"></trkpt>
<trkpt lat="40.17698805" lon="44.52934213"></trkpt>
<trkpt lat="40.17708096" lon="44.52936652"></trkpt>
<trkpt lat="40.17717399" lon="44.52939014"></trkpt>
<trkpt lat="40.17726712" lon="44.52941300"></trkpt>
<trkpt lat="40.17736037" lon="44.52943509"></trkpt>
<trkpt lat="40.17745372" lon="44.52945641"></trkpt>
<trkpt lat="40.17754717" lon="44.52947697"></trkpt>
<trkpt lat="40.17764072" lon="44.52949676"></trkpt>
<trkpt lat="40.17773436" lon="44.52951578"></trkpt>
<trkpt lat="40.17782808" lon="44.52953402"></trkpt>
<trkpt lat="40.17792190" lon="44.52955150"></trkpt>
<trkpt lat="40.17801580" lon="44.52956820"></trkpt>
<trkpt lat="40.17810977" lon="44.52958413"></trkpt>
<trkpt lat="40.17820382" lon="44.52959929"></trkpt>
<trkpt lat="40.17829794" lon="44.52961368"></trkpt>
<trkpt lat="40.17839213" lon="44.52962729"></trkpt>
<trkpt lat="40.17848638" lon="44.52964012"></trkpt>
<trkpt lat="40.17858069" lon="44.52965218"></trkpt>
<trkpt lat="40.17867506" lon="44.52966347"></trkpt>
<trkpt lat="40.17876948" lon="44.52967397"></trkpt>
<trkpt lat="40.17886395" lon="44.52968370"></trkpt>
<trkpt lat="40.17895846" lon="44.52969266"></trkpt>
<trkpt lat="40.17905302" lon="44.52970084"></trkpt>
<trkpt lat="40.17914761" lon="44.52970823"></trkpt>
<trkpt lat="40.17924223" lon="44.52971486"></trkpt>
<trkpt lat="40.17933689" lon="44.52972070"></trkpt>
<trkpt lat="40.17943157" lon="44.52972576"></trkpt>
<trkpt lat="40.17952627" lon="44.52973005"></trkpt>
<trkpt lat="40.17962100" lon="44.52973355"></trkpt>
<trkpt lat="40.17971574" lon="44.52973628"></trkpt>
<trkpt lat="40.17981048" lon="44.52973823"></trkpt>
<trkpt lat="40.17990524" lon="44.52973940"></trkpt>
<trkpt lat="40.18000000" lon="44.52973979"></trkpt>
</trkseg>
</trk></gpx>
